case_id,amount,attempted,recovered,is_actually_recoverable,score,decision
case_42_000001,1825.14,True,True,True,100,ALLOW
case_42_000002,1346.97,True,True,True,95,ALLOW
case_42_000003,2201.76,True,True,True,100,ALLOW
case_42_000004,14150.5,True,True,True,80,ALLOW
case_42_000005,1602.25,True,True,True,100,ALLOW
case_42_000006,10386.12,True,True,True,90,ALLOW
case_42_000007,2227.19,True,False,False,70,ALLOW
case_42_000008,10832.89,True,True,True,100,ALLOW
case_42_000009,13171.7,True,False,False,90,ALLOW
case_42_000010,6501.98,True,False,False,80,ALLOW
case_42_000011,4968.73,True,True,True,100,ALLOW
case_42_000012,2883.34,True,True,True,100,ALLOW
case_42_000013,4480.94,True,False,False,65,ALLOW
case_42_000014,38364.25,False,False,False,55,ESCALATE
case_42_000015,6686.9,True,True,True,75,ALLOW
case_42_000016,2792.65,True,True,True,90,ALLOW
case_42_000017,895.4,True,False,False,75,ALLOW
case_42_000018,6844.33,True,False,False,100,ALLOW
case_42_000019,22173.41,True,True,True,90,ALLOW
case_42_000020,3234.65,True,True,True,85,ALLOW
case_42_000021,2262.26,False,False,False,65,ESCALATE
case_42_000022,1635.19,True,False,False,70,ALLOW
case_42_000023,2239.43,True,False,False,70,ALLOW
case_42_000024,2016.64,True,True,True,100,ALLOW
case_42_000025,7443.92,True,False,False,85,ALLOW
case_42_000026,3221.94,True,False,False,100,ALLOW
case_42_000027,1601.7,True,True,True,75,ALLOW
case_42_000028,5040.53,False,False,True,80,ESCALATE
case_42_000029,315.96,True,False,False,65,ALLOW
case_42_000030,1625.71,True,True,True,100,ALLOW
case_42_000031,12689.13,False,False,False,55,BLOCK
case_42_000032,50720.22,False,False,False,35,ESCALATE
case_42_000033,4488.67,False,False,True,40,BLOCK
case_42_000034,56939.82,False,False,True,80,ESCALATE
case_42_000035,612.39,True,True,True,75,ALLOW
case_42_000036,4246.67,True,True,True,100,ALLOW
case_42_000037,6507.54,True,True,True,95,ALLOW
case_42_000038,2240.84,True,False,False,70,ALLOW
case_42_000039,5740.38,True,False,False,75,ALLOW
case_42_000040,2860.97,True,True,True,80,ALLOW
case_42_000041,8145.26,False,False,False,15,BLOCK
case_42_000042,9550.39,True,True,True,100,ALLOW
case_42_000043,2164.98,True,False,False,95,ALLOW
case_42_000044,52369.96,False,False,False,40,ESCALATE
case_42_000045,8766.03,True,True,True,95,ALLOW
case_42_000046,4869.49,True,True,True,100,ALLOW
case_42_000047,1738.69,True,True,True,100,ALLOW
case_42_000048,4048.01,True,False,False,95,ALLOW
case_42_000049,31884.21,True,True,True,60,ALLOW
case_42_000050,1812.58,True,True,True,85,ALLOW
case_42_000051,2073.09,True,True,True,75,ALLOW
case_42_000052,5887.51,True,True,True,80,ALLOW
case_42_000053,14498.8,True,True,True,75,ALLOW
case_42_000054,3312.56,False,False,True,60,ESCALATE
case_42_000055,2904.08,False,False,False,5,BLOCK
case_42_000056,9654.15,True,True,True,100,ALLOW
case_42_000057,5936.01,False,False,False,55,BLOCK
case_42_000058,48316.59,True,False,False,70,ALLOW
case_42_000059,1404.73,True,True,True,95,ALLOW
case_42_000060,18364.87,True,False,False,100,ALLOW
case_42_000061,3540.34,True,True,True,100,ALLOW
case_42_000062,2917.0,True,True,True,100,ALLOW
case_42_000063,838.0,True,False,False,75,ALLOW
case_42_000064,1923.96,True,True,True,95,ALLOW
case_42_000065,40721.66,True,True,True,100,ALLOW
case_42_000066,10423.86,True,True,True,100,ALLOW
case_42_000067,6444.91,True,False,False,100,ALLOW
case_42_000068,13818.67,True,True,True,100,ALLOW
case_42_000069,1924.32,False,False,False,70,ESCALATE
case_42_000070,32232.92,True,True,True,100,ALLOW
case_42_000071,859.59,False,False,True,50,BLOCK
case_42_000072,2244.13,True,False,False,75,ALLOW
case_42_000073,40846.08,True,False,False,70,ALLOW
case_42_000074,12085.18,False,False,False,50,BLOCK
case_42_000075,54373.26,False,False,False,65,ESCALATE
case_42_000076,2204.65,True,True,True,85,ALLOW
case_42_000077,42705.69,True,True,True,70,ALLOW
case_42_000078,4496.94,True,True,True,100,ALLOW
case_42_000079,3274.61,True,True,True,100,ALLOW
case_42_000080,12748.39,True,True,True,100,ALLOW
case_42_000081,4536.31,True,True,True,85,ALLOW
case_42_000082,12169.72,True,False,False,80,ALLOW
case_42_000083,4396.99,True,True,True,100,ALLOW
case_42_000084,56583.46,False,False,False,50,ESCALATE
case_42_000085,3379.8,True,True,True,100,ALLOW
case_42_000086,3882.65,True,True,True,100,ALLOW
case_42_000087,10380.75,True,True,True,80,ALLOW
case_42_000088,4553.56,False,False,False,40,BLOCK
case_42_000089,2873.65,False,False,False,60,ESCALATE
case_42_000090,12326.91,True,False,False,60,ALLOW
case_42_000091,12398.38,True,True,True,100,ALLOW
case_42_000092,894.72,True,False,False,80,ALLOW
case_42_000093,50553.88,False,False,False,70,ESCALATE
case_42_000094,12494.68,True,True,True,95,ALLOW
case_42_000095,61596.64,False,False,False,35,ESCALATE
case_42_000096,7535.48,True,True,True,70,ALLOW
case_42_000097,14618.87,True,True,True,95,ALLOW
case_42_000098,3508.8,False,False,False,35,BLOCK
case_42_000099,4569.46,True,False,False,100,ALLOW
case_42_000100,10115.99,True,False,False,80,ALLOW
case_42_000101,12069.69,True,True,True,95,ALLOW
case_42_000102,15512.78,True,True,True,100,ALLOW
case_42_000103,6206.51,True,False,False,90,ALLOW
case_42_000104,2455.42,True,True,True,100,ALLOW
case_42_000105,8628.63,True,True,True,85,ALLOW
case_42_000106,2332.0,True,True,True,100,ALLOW
case_42_000107,47148.8,True,True,True,75,ALLOW
case_42_000108,850.04,False,False,False,40,BLOCK
case_42_000109,3255.31,True,True,True,100,ALLOW
case_42_000110,9582.41,True,True,True,70,ALLOW
case_42_000111,3730.84,False,False,False,45,BLOCK
case_42_000112,1898.54,True,True,True,90,ALLOW
case_42_000113,8878.72,True,True,True,100,ALLOW
case_42_000114,4302.4,True,True,True,85,ALLOW
case_42_000115,9291.22,True,True,True,100,ALLOW
case_42_000116,3179.41,True,True,True,80,ALLOW
case_42_000117,4445.23,True,False,False,70,ALLOW
case_42_000118,4564.26,True,True,True,100,ALLOW
case_42_000119,1798.81,True,True,True,100,ALLOW
case_42_000120,762.62,True,True,True,95,ALLOW
case_42_000121,11378.4,True,True,True,100,ALLOW
case_42_000122,2583.02,True,True,True,90,ALLOW
case_42_000123,13905.01,True,True,True,85,ALLOW
case_42_000124,13950.39,True,False,False,85,ALLOW
case_42_000125,9427.47,True,True,True,90,ALLOW
case_42_000126,2810.83,False,False,False,20,BLOCK
case_42_000127,4654.63,True,False,False,60,ALLOW
case_42_000128,46196.63,False,False,False,50,BLOCK
case_42_000129,6203.77,True,True,True,95,ALLOW
case_42_000130,3846.54,True,True,True,95,ALLOW
case_42_000131,9621.63,True,True,True,65,ALLOW
case_42_000132,7336.06,False,False,False,45,BLOCK
case_42_000133,11502.7,True,True,True,75,ALLOW
case_42_000134,10974.25,True,False,False,60,ALLOW
case_42_000135,16398.87,False,False,False,50,BLOCK
case_42_000136,2560.87,True,False,False,85,ALLOW
case_42_000137,3304.3,True,False,False,80,ALLOW
case_42_000138,10954.05,True,True,True,100,ALLOW
case_42_000139,36490.27,True,True,True,95,ALLOW
case_42_000140,6187.85,True,False,False,75,ALLOW
case_42_000141,14253.51,True,True,True,100,ALLOW
case_42_000142,1885.35,True,True,True,100,ALLOW
case_42_000143,13766.87,True,True,True,100,ALLOW
case_42_000144,3689.81,True,True,True,100,ALLOW
case_42_000145,7216.58,False,False,False,40,BLOCK
case_42_000146,3011.04,True,True,True,80,ALLOW
case_42_000147,7039.51,False,False,True,50,BLOCK
case_42_000148,62030.55,False,False,False,65,ESCALATE
case_42_000149,602.55,True,True,True,80,ALLOW
case_42_000150,29204.76,True,True,True,60,ALLOW
case_42_000151,3610.54,True,False,False,90,ALLOW
case_42_000152,14482.17,True,False,False,100,ALLOW
case_42_000153,26216.5,True,True,True,90,ALLOW
case_42_000154,4415.14,True,False,False,60,ALLOW
case_42_000155,4279.11,True,True,True,90,ALLOW
case_42_000156,10341.42,True,True,True,90,ALLOW
case_42_000157,20851.81,True,False,False,65,ALLOW
case_42_000158,1662.71,True,True,True,95,ALLOW
case_42_000159,12629.7,True,False,False,85,ALLOW
case_42_000160,9844.79,True,True,True,100,ALLOW
case_42_000161,3029.97,True,True,True,100,ALLOW
case_42_000162,2399.13,False,False,False,30,BLOCK
case_42_000163,61223.84,False,False,True,45,ESCALATE
case_42_000164,2069.59,True,True,True,90,ALLOW
case_42_000165,32562.88,False,False,True,55,BLOCK
case_42_000166,2038.57,True,True,True,95,ALLOW
case_42_000167,39796.41,True,True,True,85,ALLOW
case_42_000168,9381.39,True,True,True,80,ALLOW
case_42_000169,8818.02,True,False,False,100,ALLOW
case_42_000170,1846.41,True,True,True,100,ALLOW
case_42_000171,1910.42,True,False,False,85,ALLOW
case_42_000172,7630.87,True,False,False,65,ALLOW
case_42_000173,35267.15,True,True,True,60,ALLOW
case_42_000174,13945.39,True,True,True,100,ALLOW
case_42_000175,4501.65,True,False,False,90,ALLOW
case_42_000176,62412.71,False,False,True,70,ESCALATE
case_42_000177,2455.86,True,True,True,100,ALLOW
case_42_000178,20863.28,True,True,True,100,ALLOW
case_42_000179,13655.42,True,True,True,85,ALLOW
case_42_000180,9979.88,True,False,False,90,ALLOW
case_42_000181,7939.99,True,True,True,95,ALLOW
case_42_000182,38968.13,True,True,True,100,ALLOW
case_42_000183,3614.78,True,False,False,75,ALLOW
case_42_000184,37371.0,True,True,True,100,ALLOW
case_42_000185,25210.91,True,True,True,75,ALLOW
case_42_000186,2124.37,False,False,False,40,BLOCK
case_42_000187,7414.72,False,False,True,50,BLOCK
case_42_000188,3696.33,True,False,False,60,ALLOW
case_42_000189,2714.97,True,True,True,100,ALLOW
case_42_000190,893.75,True,True,True,100,ALLOW
case_42_000191,2206.64,False,False,True,45,ESCALATE
case_42_000192,909.43,True,False,False,100,ALLOW
case_42_000193,15580.42,True,True,True,90,ALLOW
case_42_000194,1642.63,True,True,True,60,ALLOW
case_42_000195,49326.36,True,True,True,85,ALLOW
case_42_000196,10236.31,True,True,True,60,ALLOW
case_42_000197,5260.42,True,False,False,65,ALLOW
case_42_000198,1657.94,False,False,True,90,ESCALATE
case_42_000199,14139.77,True,True,True,70,ALLOW
case_42_000200,4632.59,True,True,True,100,ALLOW
case_42_000201,3210.18,False,False,False,50,BLOCK
case_42_000202,12857.07,True,True,True,100,ALLOW
case_42_000203,62838.42,False,False,True,85,ESCALATE
case_42_000204,2398.13,True,False,False,75,ALLOW
case_42_000205,6881.09,True,True,True,95,ALLOW
case_42_000206,2864.05,True,True,True,100,ALLOW
case_42_000207,3700.45,True,True,True,80,ALLOW
case_42_000208,4110.14,True,True,True,85,ALLOW
case_42_000209,2352.04,True,True,True,100,ALLOW
case_42_000210,5226.95,True,True,True,100,ALLOW
case_42_000211,23237.51,True,True,True,90,ALLOW
case_42_000212,45043.98,True,True,True,100,ALLOW
case_42_000213,8856.14,False,False,False,25,BLOCK
case_42_000214,5024.24,True,False,False,80,ALLOW
case_42_000215,4626.61,True,True,True,85,ALLOW
case_42_000216,11776.48,True,True,True,90,ALLOW
case_42_000217,3023.26,True,False,False,70,ALLOW
case_42_000218,3914.59,True,True,True,100,ALLOW
case_42_000219,9740.71,True,True,True,85,ALLOW
case_42_000220,896.28,True,True,True,100,ALLOW
case_42_000221,8703.42,True,False,False,100,ALLOW
case_42_000222,1510.14,True,True,True,100,ALLOW
case_42_000223,9219.48,True,True,True,100,ALLOW
case_42_000224,12205.96,True,True,True,70,ALLOW
case_42_000225,2092.08,True,True,True,95,ALLOW
case_42_000226,18255.85,True,False,False,60,ALLOW
case_42_000227,4115.05,True,True,True,70,ALLOW
case_42_000228,2204.08,True,False,False,90,ALLOW
case_42_000229,13141.52,True,False,False,90,ALLOW
case_42_000230,9907.67,True,False,False,65,ALLOW
case_42_000231,8978.06,True,True,True,85,ALLOW
case_42_000232,4442.46,True,True,True,100,ALLOW
case_42_000233,7381.81,True,True,True,90,ALLOW
case_42_000234,21903.04,True,True,True,95,ALLOW
case_42_000235,11086.05,True,False,False,90,ALLOW
case_42_000236,757.88,True,False,False,70,ALLOW
case_42_000237,2048.88,False,False,False,55,ESCALATE
case_42_000238,902.76,True,True,True,100,ALLOW
case_42_000239,8485.93,True,True,True,65,ALLOW
case_42_000240,1624.58,True,True,True,100,ALLOW
case_42_000241,438.87,True,True,True,90,ALLOW
case_42_000242,11456.95,True,True,True,95,ALLOW
case_42_000243,4341.05,True,False,False,75,ALLOW
case_42_000244,3948.16,False,False,False,65,ESCALATE
case_42_000245,9259.15,True,False,False,80,ALLOW
case_42_000246,13443.99,True,False,False,75,ALLOW
case_42_000247,3348.23,True,False,False,65,ALLOW
case_42_000248,33917.65,True,True,True,90,ALLOW
case_42_000249,6670.31,True,False,False,70,ALLOW
case_42_000250,13124.01,True,True,True,60,ALLOW
case_42_000251,14393.9,True,True,True,75,ALLOW
case_42_000252,9935.85,True,True,True,100,ALLOW
case_42_000253,8252.78,True,True,True,100,ALLOW
case_42_000254,10999.92,True,True,True,85,ALLOW
case_42_000255,9434.15,True,True,True,100,ALLOW
case_42_000256,3686.01,True,True,True,90,ALLOW
case_42_000257,10875.34,True,True,True,100,ALLOW
case_42_000258,4340.61,True,True,True,65,ALLOW
case_42_000259,5614.14,False,False,True,60,ESCALATE
case_42_000260,479.22,True,True,True,100,ALLOW
case_42_000261,5107.08,True,True,True,95,ALLOW
case_42_000262,13894.56,True,True,True,100,ALLOW
case_42_000263,3485.55,True,True,True,85,ALLOW
case_42_000264,871.19,True,True,True,65,ALLOW
case_42_000265,3505.45,True,True,True,100,ALLOW
case_42_000266,46424.86,True,True,True,100,ALLOW
case_42_000267,10015.72,True,True,True,65,ALLOW
case_42_000268,26236.3,True,True,True,65,ALLOW
case_42_000269,2097.07,True,True,True,100,ALLOW
case_42_000270,11114.49,True,False,False,95,ALLOW
case_42_000271,328.7,True,False,False,80,ALLOW
case_42_000272,11095.07,False,False,False,70,ESCALATE
case_42_000273,37626.28,True,True,True,65,ALLOW
case_42_000274,12265.34,True,True,True,85,ALLOW
case_42_000275,4536.95,True,True,True,60,ALLOW
case_42_000276,14040.25,True,True,True,100,ALLOW
case_42_000277,4154.58,True,True,True,100,ALLOW
case_42_000278,8651.57,True,True,True,95,ALLOW
case_42_000279,9880.91,True,False,False,100,ALLOW
case_42_000280,4112.74,True,True,True,85,ALLOW
case_42_000281,7949.64,True,True,True,90,ALLOW
case_42_000282,2153.96,True,True,True,65,ALLOW
case_42_000283,2021.24,True,True,True,80,ALLOW
case_42_000284,417.28,True,False,False,95,ALLOW
case_42_000285,13707.66,True,True,True,60,ALLOW
case_42_000286,53451.27,False,False,True,65,ESCALATE
case_42_000287,13818.26,True,True,True,100,ALLOW
case_42_000288,3007.48,True,True,True,100,ALLOW
case_42_000289,398.61,True,False,False,60,ALLOW
case_42_000290,1657.94,True,True,True,100,ALLOW
case_42_000291,13064.8,True,True,True,100,ALLOW
case_42_000292,62075.8,False,False,True,70,ESCALATE
case_42_000293,5805.19,True,True,True,90,ALLOW
case_42_000294,33457.91,True,True,True,90,ALLOW
case_42_000295,3662.4,True,True,True,60,ALLOW
case_42_000296,11889.53,True,True,True,100,ALLOW
case_42_000297,13306.97,True,True,True,90,ALLOW
case_42_000298,4684.79,True,True,True,100,ALLOW
case_42_000299,694.33,True,True,True,75,ALLOW
case_42_000300,14201.75,True,True,True,100,ALLOW
case_42_000301,29055.89,True,False,False,75,ALLOW
case_42_000302,3306.64,True,True,True,85,ALLOW
case_42_000303,14053.16,False,False,False,15,BLOCK
case_42_000304,12601.22,True,False,False,100,ALLOW
case_42_000305,4729.66,False,False,False,55,BLOCK
case_42_000306,22699.52,False,False,True,55,BLOCK
case_42_000307,9138.49,True,False,False,85,ALLOW
case_42_000308,775.36,False,False,False,30,ESCALATE
case_42_000309,8936.3,True,False,False,95,ALLOW
case_42_000310,1369.11,False,False,False,0,BLOCK
case_42_000311,2512.29,True,True,True,85,ALLOW
case_42_000312,23356.94,True,False,False,65,ALLOW
case_42_000313,37370.37,True,True,True,85,ALLOW
case_42_000314,19441.43,True,True,True,95,ALLOW
case_42_000315,3110.35,False,False,False,55,BLOCK
case_42_000316,22743.62,True,False,False,65,ALLOW
case_42_000317,1296.08,True,True,True,95,ALLOW
case_42_000318,1610.03,True,True,True,100,ALLOW
case_42_000319,9606.88,True,False,False,80,ALLOW
case_42_000320,786.47,True,True,True,100,ALLOW
case_42_000321,53909.5,False,False,False,45,ESCALATE
case_42_000322,14467.1,True,True,True,85,ALLOW
case_42_000323,7684.56,False,False,False,40,ESCALATE
case_42_000324,1463.93,True,True,True,65,ALLOW
case_42_000325,1898.78,True,True,True,90,ALLOW
case_42_000326,34820.58,False,False,False,45,BLOCK
case_42_000327,8387.9,True,False,False,75,ALLOW
case_42_000328,7838.55,True,False,False,75,ALLOW
case_42_000329,3182.28,True,True,True,100,ALLOW
case_42_000330,4049.53,True,True,True,100,ALLOW
case_42_000331,3671.26,True,True,True,90,ALLOW
case_42_000332,64741.93,False,False,False,5,ESCALATE
case_42_000333,3603.34,True,False,False,90,ALLOW
case_42_000334,9221.01,True,True,True,100,ALLOW
case_42_000335,3490.65,True,False,False,70,ALLOW
case_42_000336,3025.35,True,True,True,100,ALLOW
case_42_000337,63467.82,False,False,False,70,ESCALATE
case_42_000338,55608.23,False,False,True,65,ESCALATE
case_42_000339,1340.22,False,False,False,35,ESCALATE
case_42_000340,3006.71,True,False,False,90,ALLOW
case_42_000341,3598.81,False,False,False,40,BLOCK
case_42_000342,9935.0,True,True,True,80,ALLOW
case_42_000343,9179.75,True,True,True,65,ALLOW
case_42_000344,3380.09,True,True,True,85,ALLOW
case_42_000345,2097.64,True,True,True,100,ALLOW
case_42_000346,37588.68,False,False,False,45,BLOCK
case_42_000347,9838.26,True,True,True,100,ALLOW
case_42_000348,3681.44,True,True,True,100,ALLOW
case_42_000349,33541.62,True,False,False,95,ALLOW
case_42_000350,2770.94,False,False,False,45,BLOCK
case_42_000351,7430.7,True,True,True,100,ALLOW
case_42_000352,2766.68,True,True,True,85,ALLOW
case_42_000353,2882.19,False,False,False,55,BLOCK
case_42_000354,4485.97,True,True,True,100,ALLOW
case_42_000355,4312.89,True,False,False,100,ALLOW
case_42_000356,52521.65,False,False,False,70,ESCALATE
case_42_000357,36734.28,True,True,True,100,ALLOW
case_42_000358,11229.55,False,False,False,50,BLOCK
case_42_000359,1853.82,True,False,False,85,ALLOW
case_42_000360,5690.96,False,False,False,45,BLOCK
case_42_000361,12907.2,True,True,True,100,ALLOW
case_42_000362,1427.52,True,True,True,65,ALLOW
case_42_000363,13841.36,True,False,False,80,ALLOW
case_42_000364,10508.17,True,True,True,100,ALLOW
case_42_000365,3092.53,False,False,False,25,ESCALATE
case_42_000366,8606.0,True,True,True,90,ALLOW
case_42_000367,7070.6,True,True,True,85,ALLOW
case_42_000368,9629.77,True,True,True,90,ALLOW
case_42_000369,13940.84,True,True,True,100,ALLOW
case_42_000370,3686.95,True,False,False,95,ALLOW
case_42_000371,11850.69,False,False,False,25,BLOCK
case_42_000372,4342.27,True,True,True,100,ALLOW
case_42_000373,4271.28,True,False,False,60,ALLOW
case_42_000374,7158.09,True,True,True,80,ALLOW
case_42_000375,1100.96,True,True,True,100,ALLOW
case_42_000376,8452.85,True,True,True,85,ALLOW
case_42_000377,5417.56,True,True,True,100,ALLOW
case_42_000378,24813.77,True,False,False,75,ALLOW
case_42_000379,8715.91,True,True,True,100,ALLOW
case_42_000380,4375.33,True,False,False,70,ALLOW
case_42_000381,56529.1,False,False,False,60,ESCALATE
case_42_000382,5801.06,False,False,False,50,BLOCK
case_42_000383,2928.76,False,False,True,75,ESCALATE
case_42_000384,10334.54,True,True,True,100,ALLOW
case_42_000385,15980.1,False,False,False,55,ESCALATE
case_42_000386,11499.6,True,True,True,100,ALLOW
case_42_000387,3774.65,True,True,True,90,ALLOW
case_42_000388,12523.76,True,False,False,65,ALLOW
case_42_000389,4569.2,False,False,False,20,BLOCK
case_42_000390,2494.39,True,True,True,100,ALLOW
case_42_000391,3218.36,True,True,True,100,ALLOW
case_42_000392,9139.82,True,False,False,90,ALLOW
case_42_000393,7767.43,True,True,True,100,ALLOW
case_42_000394,45683.25,True,True,True,80,ALLOW
case_42_000395,2880.69,True,True,True,100,ALLOW
case_42_000396,1742.06,True,False,False,75,ALLOW
case_42_000397,57436.24,False,False,True,80,ESCALATE
case_42_000398,5954.73,True,True,True,85,ALLOW
case_42_000399,2441.41,True,False,False,80,ALLOW
case_42_000400,1515.6,True,True,True,85,ALLOW
case_42_000401,53004.67,False,False,False,55,ESCALATE
case_42_000402,324.61,True,True,True,90,ALLOW
case_42_000403,31304.17,True,True,True,80,ALLOW
case_42_000404,11314.63,True,True,True,95,ALLOW
case_42_000405,4187.24,True,True,True,100,ALLOW
case_42_000406,10688.27,True,True,True,100,ALLOW
case_42_000407,10918.43,True,False,False,90,ALLOW
case_42_000408,7206.64,True,True,True,100,ALLOW
case_42_000409,301.29,True,True,True,95,ALLOW
case_42_000410,1580.22,False,False,False,15,BLOCK
case_42_000411,4028.83,True,True,True,70,ALLOW
case_42_000412,2609.79,True,False,False,80,ALLOW
case_42_000413,34154.36,True,False,False,80,ALLOW
case_42_000414,6090.25,True,False,False,65,ALLOW
case_42_000415,13126.11,True,True,True,80,ALLOW
case_42_000416,3527.94,True,True,True,90,ALLOW
case_42_000417,7900.42,False,False,False,45,BLOCK
case_42_000418,3896.71,True,False,False,85,ALLOW
case_42_000419,10459.74,True,True,True,100,ALLOW
case_42_000420,27556.5,True,True,True,95,ALLOW
case_42_000421,4471.37,True,False,False,95,ALLOW
case_42_000422,1626.65,True,True,True,90,ALLOW
case_42_000423,10477.06,True,True,True,100,ALLOW
case_42_000424,389.26,True,True,True,95,ALLOW
case_42_000425,7837.42,True,False,False,60,ALLOW
case_42_000426,1054.09,True,True,True,85,ALLOW
case_42_000427,1326.98,False,False,False,60,ESCALATE
case_42_000428,3675.14,False,False,False,20,ESCALATE
case_42_000429,587.07,False,False,True,45,BLOCK
case_42_000430,2596.05,True,False,False,100,ALLOW
case_42_000431,3285.97,True,False,False,80,ALLOW
case_42_000432,9180.8,True,True,True,100,ALLOW
case_42_000433,4877.49,True,True,True,100,ALLOW
case_42_000434,5394.94,True,False,False,60,ALLOW
case_42_000435,4269.73,True,True,True,100,ALLOW
case_42_000436,13329.41,True,False,False,60,ALLOW
case_42_000437,12595.27,True,True,True,100,ALLOW
case_42_000438,9261.46,False,False,False,45,BLOCK
case_42_000439,5944.87,True,False,False,95,ALLOW
case_42_000440,3790.44,True,True,True,100,ALLOW
case_42_000441,14174.64,True,True,True,100,ALLOW
case_42_000442,17040.85,True,False,False,70,ALLOW
case_42_000443,1921.92,True,True,True,95,ALLOW
case_42_000444,41121.39,False,False,True,45,BLOCK
case_42_000445,10417.28,True,False,False,65,ALLOW
case_42_000446,11337.07,True,True,True,75,ALLOW
case_42_000447,35662.22,True,False,False,85,ALLOW
case_42_000448,12687.29,True,True,True,100,ALLOW
case_42_000449,384.24,False,False,False,50,BLOCK
case_42_000450,7968.14,True,True,True,100,ALLOW
case_42_000451,19518.5,True,True,True,100,ALLOW
case_42_000452,3530.3,True,True,True,100,ALLOW
case_42_000453,13075.6,True,False,False,65,ALLOW
case_42_000454,12347.93,True,True,True,100,ALLOW
case_42_000455,3113.96,True,True,True,100,ALLOW
case_42_000456,17508.13,False,False,False,75,ESCALATE
case_42_000457,31503.57,True,True,True,70,ALLOW
case_42_000458,10942.07,True,True,True,60,ALLOW
case_42_000459,3771.85,True,False,False,100,ALLOW
case_42_000460,1492.45,False,False,False,45,BLOCK
case_42_000461,10906.55,True,False,False,85,ALLOW
case_42_000462,5405.11,True,True,True,70,ALLOW
case_42_000463,31741.74,False,False,False,20,BLOCK
case_42_000464,5651.12,True,True,True,100,ALLOW
case_42_000465,4387.11,True,True,True,100,ALLOW
case_42_000466,10572.32,True,True,True,75,ALLOW
case_42_000467,37882.12,False,False,False,30,BLOCK
case_42_000468,1743.32,True,False,False,80,ALLOW
case_42_000469,3384.12,False,False,False,10,ESCALATE
case_42_000470,2946.61,True,False,False,90,ALLOW
case_42_000471,10187.39,True,True,True,100,ALLOW
case_42_000472,3271.68,False,False,False,25,BLOCK
case_42_000473,30031.82,False,False,False,45,BLOCK
case_42_000474,13542.55,True,True,True,100,ALLOW
case_42_000475,4781.97,False,False,False,10,ESCALATE
case_42_000476,5142.52,True,True,True,100,ALLOW
case_42_000477,987.37,True,False,False,60,ALLOW
case_42_000478,25612.91,False,False,False,30,ESCALATE
case_42_000479,26097.28,True,False,False,90,ALLOW
case_42_000480,3655.24,True,True,True,75,ALLOW
case_42_000481,417.89,False,False,False,55,BLOCK
case_42_000482,7695.83,True,True,True,90,ALLOW
case_42_000483,3740.42,True,True,True,100,ALLOW
case_42_000484,33039.26,True,True,True,80,ALLOW
case_42_000485,13708.81,True,False,False,80,ALLOW
case_42_000486,11057.21,True,False,False,60,ALLOW
case_42_000487,47327.32,True,False,False,75,ALLOW
case_42_000488,3258.99,False,False,False,55,ESCALATE
case_42_000489,10749.11,True,True,True,95,ALLOW
case_42_000490,42888.13,False,False,False,35,BLOCK
case_42_000491,18195.41,False,False,True,55,BLOCK
case_42_000492,1212.83,True,True,True,90,ALLOW
case_42_000493,7398.6,True,True,True,80,ALLOW
case_42_000494,3239.75,True,True,True,100,ALLOW
case_42_000495,9444.17,True,True,True,75,ALLOW
case_42_000496,13308.2,True,True,True,80,ALLOW
case_42_000497,26764.89,True,True,True,90,ALLOW
case_42_000498,13640.59,False,False,False,40,BLOCK
case_42_000499,43014.53,True,True,True,70,ALLOW
case_42_000500,3114.57,True,True,True,100,ALLOW
case_42_000501,1567.32,True,True,True,95,ALLOW
case_42_000502,3559.78,True,True,True,65,ALLOW
case_42_000503,999.24,False,False,False,40,BLOCK
case_42_000504,8717.3,True,True,True,90,ALLOW
case_42_000505,4726.28,False,False,True,75,ESCALATE
case_42_000506,7961.71,True,True,True,100,ALLOW
case_42_000507,2576.98,False,False,False,20,BLOCK
case_42_000508,25690.45,True,True,True,70,ALLOW
case_42_000509,8290.48,True,True,True,100,ALLOW
case_42_000510,2899.02,True,True,True,100,ALLOW
case_42_000511,368.66,True,True,True,100,ALLOW
case_42_000512,3059.68,False,False,False,40,BLOCK
case_42_000513,10660.81,True,False,False,85,ALLOW
case_42_000514,10221.31,True,True,True,90,ALLOW
case_42_000515,11464.42,True,True,True,100,ALLOW
case_42_000516,26511.38,True,True,True,70,ALLOW
case_42_000517,53415.19,False,False,False,85,ESCALATE
case_42_000518,5929.28,True,True,True,70,ALLOW
case_42_000519,3281.76,True,True,True,100,ALLOW
case_42_000520,9277.37,True,True,True,75,ALLOW
case_42_000521,925.13,True,True,True,90,ALLOW
case_42_000522,25084.91,False,False,False,10,ESCALATE
case_42_000523,41215.44,True,False,False,75,ALLOW
case_42_000524,1569.94,True,True,True,100,ALLOW
case_42_000525,3946.95,True,True,True,100,ALLOW
case_42_000526,3546.03,False,False,False,70,ESCALATE
case_42_000527,7407.13,True,True,True,95,ALLOW
case_42_000528,4469.54,True,False,False,90,ALLOW
case_42_000529,3590.82,True,False,False,70,ALLOW
case_42_000530,12450.67,True,True,True,95,ALLOW
case_42_000531,1888.12,True,False,False,65,ALLOW
case_42_000532,2429.22,True,True,True,100,ALLOW
case_42_000533,3826.93,True,True,True,100,ALLOW
case_42_000534,12001.93,True,True,True,100,ALLOW
case_42_000535,16786.57,True,True,True,95,ALLOW
case_42_000536,11321.29,True,True,True,85,ALLOW
case_42_000537,2686.99,True,False,False,75,ALLOW
case_42_000538,13930.39,True,True,True,100,ALLOW
case_42_000539,9153.42,True,True,True,100,ALLOW
case_42_000540,10411.49,True,False,False,90,ALLOW
case_42_000541,2997.23,True,True,True,100,ALLOW
case_42_000542,1129.18,False,False,True,85,ESCALATE
case_42_000543,3796.98,True,False,False,90,ALLOW
case_42_000544,2066.86,False,False,True,80,ESCALATE
case_42_000545,4757.75,False,False,False,45,BLOCK
case_42_000546,40754.49,False,False,False,55,BLOCK
case_42_000547,11637.79,True,False,False,100,ALLOW
case_42_000548,2705.82,False,False,False,50,BLOCK
case_42_000549,45661.84,True,True,True,90,ALLOW
case_42_000550,3538.83,True,False,False,90,ALLOW
case_42_000551,8935.84,True,True,True,100,ALLOW
case_42_000552,16490.36,True,True,True,85,ALLOW
case_42_000553,3196.99,True,True,True,100,ALLOW
case_42_000554,9503.17,True,False,False,100,ALLOW
case_42_000555,3285.28,False,False,True,50,BLOCK
case_42_000556,2168.19,True,False,False,65,ALLOW
case_42_000557,11609.6,False,False,False,50,BLOCK
case_42_000558,11799.13,True,True,True,85,ALLOW
case_42_000559,13853.87,True,True,True,100,ALLOW
case_42_000560,8516.4,True,True,True,95,ALLOW
case_42_000561,3315.64,True,True,True,100,ALLOW
case_42_000562,3834.71,True,False,False,95,ALLOW
case_42_000563,795.6,True,True,True,100,ALLOW
case_42_000564,4475.49,True,True,True,100,ALLOW
case_42_000565,5147.85,True,True,True,100,ALLOW
case_42_000566,3709.16,False,False,False,40,BLOCK
case_42_000567,23912.74,False,False,False,50,BLOCK
case_42_000568,41730.98,True,True,True,100,ALLOW
case_42_000569,12026.31,True,True,True,80,ALLOW
case_42_000570,4334.08,True,True,True,95,ALLOW
case_42_000571,2346.78,True,False,False,60,ALLOW
case_42_000572,9734.23,True,False,False,80,ALLOW
case_42_000573,9462.52,True,False,False,100,ALLOW
case_42_000574,13043.71,True,True,True,100,ALLOW
case_42_000575,1807.18,True,False,False,80,ALLOW
case_42_000576,4340.7,True,True,True,100,ALLOW
case_42_000577,8427.12,False,False,False,65,ESCALATE
case_42_000578,2058.07,True,True,True,95,ALLOW
case_42_000579,5311.2,True,True,True,70,ALLOW
case_42_000580,3908.95,True,False,False,80,ALLOW
case_42_000581,10156.12,True,True,True,80,ALLOW
case_42_000582,5245.9,True,True,True,65,ALLOW
case_42_000583,1089.12,False,False,False,5,BLOCK
case_42_000584,7231.55,True,True,True,100,ALLOW
case_42_000585,4441.95,False,False,False,50,BLOCK
case_42_000586,9914.17,True,True,True,100,ALLOW
case_42_000587,27305.01,True,True,True,90,ALLOW
case_42_000588,547.65,True,False,False,85,ALLOW
case_42_000589,7876.05,True,True,True,100,ALLOW
case_42_000590,14207.81,True,False,False,75,ALLOW
case_42_000591,3576.0,True,True,True,100,ALLOW
case_42_000592,64238.39,False,False,True,95,ESCALATE
case_42_000593,3280.05,True,True,True,100,ALLOW
case_42_000594,4418.76,True,True,True,90,ALLOW
case_42_000595,5239.96,True,True,True,100,ALLOW
case_42_000596,4852.85,True,True,True,65,ALLOW
case_42_000597,2917.45,True,True,True,100,ALLOW
case_42_000598,2683.26,False,False,False,40,BLOCK
case_42_000599,4102.48,True,True,True,90,ALLOW
case_42_000600,916.27,True,True,True,100,ALLOW
case_42_000601,10465.49,False,False,False,30,BLOCK
case_42_000602,378.21,True,True,True,95,ALLOW
case_42_000603,3650.07,True,True,True,100,ALLOW
case_42_000604,2510.56,True,False,False,75,ALLOW
case_42_000605,2270.45,True,True,True,100,ALLOW
case_42_000606,3317.7,False,False,False,55,BLOCK
case_42_000607,4643.69,True,True,True,75,ALLOW
case_42_000608,13515.02,False,False,True,55,BLOCK
case_42_000609,63934.16,False,False,True,95,ESCALATE
case_42_000610,3549.61,True,True,True,100,ALLOW
case_42_000611,5277.66,False,False,False,15,ESCALATE
case_42_000612,10237.24,False,False,True,45,ESCALATE
case_42_000613,4088.12,True,True,True,100,ALLOW
case_42_000614,3852.72,False,False,False,30,BLOCK
case_42_000615,2502.04,True,True,True,100,ALLOW
case_42_000616,5750.43,True,True,True,95,ALLOW
case_42_000617,8551.7,False,False,True,35,ESCALATE
case_42_000618,12587.37,True,False,False,80,ALLOW
case_42_000619,3520.75,True,True,True,100,ALLOW
case_42_000620,1485.26,True,True,True,100,ALLOW
case_42_000621,27885.98,True,True,True,75,ALLOW
case_42_000622,6066.5,True,True,True,80,ALLOW
case_42_000623,1819.17,True,True,True,100,ALLOW
case_42_000624,1724.31,True,True,True,100,ALLOW
case_42_000625,3066.73,True,True,True,100,ALLOW
case_42_000626,1637.94,True,True,True,90,ALLOW
case_42_000627,8403.83,True,True,True,100,ALLOW
case_42_000628,9624.53,True,True,True,100,ALLOW
case_42_000629,23272.35,True,True,True,95,ALLOW
case_42_000630,12473.59,True,True,True,100,ALLOW
case_42_000631,974.83,True,True,True,100,ALLOW
case_42_000632,3915.92,True,False,False,75,ALLOW
case_42_000633,3007.2,True,False,False,60,ALLOW
case_42_000634,2869.38,False,False,False,15,BLOCK
case_42_000635,3930.09,False,False,False,50,BLOCK
case_42_000636,2137.69,True,False,False,85,ALLOW
case_42_000637,58127.71,False,False,True,50,ESCALATE
case_42_000638,11886.24,True,True,True,95,ALLOW
case_42_000639,4572.96,True,False,False,100,ALLOW
case_42_000640,1246.74,False,False,False,55,BLOCK
case_42_000641,61608.24,False,False,True,85,ESCALATE
case_42_000642,2193.92,True,True,True,75,ALLOW
case_42_000643,2295.32,True,False,False,100,ALLOW
case_42_000644,51500.27,False,False,False,30,ESCALATE
case_42_000645,3393.6,True,True,True,70,ALLOW
case_42_000646,61851.16,False,False,True,65,ESCALATE
case_42_000647,4903.18,True,False,False,85,ALLOW
case_42_000648,3533.63,False,False,False,90,ESCALATE
case_42_000649,7107.01,True,True,True,100,ALLOW
case_42_000650,1478.1,True,True,True,100,ALLOW
case_42_000651,10773.37,True,True,True,70,ALLOW
case_42_000652,1356.79,False,False,False,20,BLOCK
case_42_000653,3088.46,True,True,True,85,ALLOW
case_42_000654,5909.3,True,True,True,100,ALLOW
case_42_000655,50625.93,False,False,True,70,ESCALATE
case_42_000656,7886.57,False,False,False,40,BLOCK
case_42_000657,1471.01,True,False,False,60,ALLOW
case_42_000658,7908.85,True,False,False,65,ALLOW
case_42_000659,1057.33,True,True,True,100,ALLOW
case_42_000660,22030.97,True,False,False,75,ALLOW
case_42_000661,55707.7,False,False,True,95,ESCALATE
case_42_000662,3100.64,True,True,True,95,ALLOW
case_42_000663,29739.28,True,True,True,85,ALLOW
case_42_000664,13907.62,True,True,True,90,ALLOW
case_42_000665,12316.69,True,True,True,100,ALLOW
case_42_000666,3138.09,True,True,True,100,ALLOW
case_42_000667,5279.14,True,True,True,90,ALLOW
case_42_000668,8662.93,True,True,True,65,ALLOW
case_42_000669,667.96,True,False,False,60,ALLOW
case_42_000670,3558.43,True,False,False,75,ALLOW
case_42_000671,651.99,True,True,True,75,ALLOW
case_42_000672,10493.48,True,False,False,70,ALLOW
case_42_000673,5434.54,True,True,True,100,ALLOW
case_42_000674,1388.01,True,False,False,70,ALLOW
case_42_000675,2198.46,True,True,True,100,ALLOW
case_42_000676,30328.8,False,False,False,60,ESCALATE
case_42_000677,2493.73,True,True,True,100,ALLOW
case_42_000678,14665.62,True,True,True,100,ALLOW
case_42_000679,10404.66,True,False,False,100,ALLOW
case_42_000680,11049.6,False,False,False,45,BLOCK
case_42_000681,3178.26,False,False,False,55,BLOCK
case_42_000682,28450.84,True,True,True,100,ALLOW
case_42_000683,7822.75,False,False,False,50,BLOCK
case_42_000684,42444.5,True,True,True,100,ALLOW
case_42_000685,13815.99,True,False,False,80,ALLOW
case_42_000686,1614.55,True,False,False,95,ALLOW
case_42_000687,6904.75,True,True,True,85,ALLOW
case_42_000688,11312.99,True,True,True,80,ALLOW
case_42_000689,53292.62,False,False,True,80,ESCALATE
case_42_000690,11540.84,True,False,False,70,ALLOW
case_42_000691,8257.12,True,True,True,95,ALLOW
case_42_000692,59311.89,False,False,False,80,ESCALATE
case_42_000693,6758.57,True,True,True,90,ALLOW
case_42_000694,5559.28,True,True,True,75,ALLOW
case_42_000695,12440.58,True,True,True,100,ALLOW
case_42_000696,14278.36,True,False,False,80,ALLOW
case_42_000697,9242.14,True,True,True,95,ALLOW
case_42_000698,4003.22,True,True,True,80,ALLOW
case_42_000699,3190.82,True,True,True,100,ALLOW
case_42_000700,7221.04,True,False,False,90,ALLOW
case_42_000701,37251.57,True,True,True,70,ALLOW
case_42_000702,5264.68,True,True,True,85,ALLOW
case_42_000703,58676.26,False,False,True,100,ESCALATE
case_42_000704,1997.88,True,False,False,70,ALLOW
case_42_000705,10173.87,True,True,True,95,ALLOW
case_42_000706,3317.0,True,False,False,85,ALLOW
case_42_000707,3109.16,True,False,False,75,ALLOW
case_42_000708,3262.14,True,False,False,70,ALLOW
case_42_000709,2950.02,True,False,False,100,ALLOW
case_42_000710,5209.57,True,True,True,95,ALLOW
case_42_000711,5374.32,True,True,True,100,ALLOW
case_42_000712,7908.73,True,True,True,75,ALLOW
case_42_000713,6797.42,True,False,False,100,ALLOW
case_42_000714,2130.36,True,False,False,95,ALLOW
case_42_000715,1513.01,True,True,True,100,ALLOW
case_42_000716,56019.0,False,False,True,90,ESCALATE
case_42_000717,14484.68,False,False,False,0,BLOCK
case_42_000718,3687.12,True,True,True,100,ALLOW
case_42_000719,42700.84,True,True,True,75,ALLOW
case_42_000720,9938.26,True,True,True,90,ALLOW
case_42_000721,54276.57,False,False,False,0,ESCALATE
case_42_000722,4446.29,True,False,False,80,ALLOW
case_42_000723,2517.77,True,False,False,65,ALLOW
case_42_000724,1548.06,True,True,True,100,ALLOW
case_42_000725,1468.31,True,True,True,100,ALLOW
case_42_000726,10348.84,False,False,False,55,BLOCK
case_42_000727,23620.03,False,False,False,25,ESCALATE
case_42_000728,7335.2,True,False,False,70,ALLOW
case_42_000729,19221.98,True,True,True,100,ALLOW
case_42_000730,785.28,True,True,True,100,ALLOW
case_42_000731,2309.05,True,True,True,90,ALLOW
case_42_000732,11122.96,True,True,True,100,ALLOW
case_42_000733,2998.09,False,False,True,55,ESCALATE
case_42_000734,52626.96,False,False,False,90,ESCALATE
case_42_000735,2590.04,True,True,True,100,ALLOW
case_42_000736,50999.3,False,False,True,95,ESCALATE
case_42_000737,2581.99,True,True,True,65,ALLOW
case_42_000738,52760.04,False,False,True,80,ESCALATE
case_42_000739,3609.64,True,True,True,90,ALLOW
case_42_000740,11488.53,True,False,False,60,ALLOW
case_42_000741,344.51,False,False,True,55,BLOCK
case_42_000742,1285.25,False,False,True,90,ESCALATE
case_42_000743,11736.38,True,False,False,90,ALLOW
case_42_000744,58254.84,False,False,False,65,ESCALATE
case_42_000745,5633.37,True,True,True,100,ALLOW
case_42_000746,5140.95,True,True,True,100,ALLOW
case_42_000747,11267.0,True,True,True,100,ALLOW
case_42_000748,2104.26,True,True,True,70,ALLOW
case_42_000749,6402.08,True,True,True,100,ALLOW
case_42_000750,2605.18,True,True,True,85,ALLOW
case_42_000751,3204.1,True,True,True,100,ALLOW
case_42_000752,8598.34,True,True,True,70,ALLOW
case_42_000753,48822.57,False,False,False,50,BLOCK
case_42_000754,7636.05,True,False,False,100,ALLOW
case_42_000755,7593.6,True,True,True,60,ALLOW
case_42_000756,12588.27,False,False,False,45,BLOCK
case_42_000757,2186.16,True,True,True,80,ALLOW
case_42_000758,13487.87,False,False,False,50,BLOCK
case_42_000759,11631.43,True,True,True,100,ALLOW
case_42_000760,3400.61,True,True,True,100,ALLOW
case_42_000761,1643.61,True,True,True,100,ALLOW
case_42_000762,4217.02,True,True,True,100,ALLOW
case_42_000763,33406.7,False,False,False,50,BLOCK
case_42_000764,7515.04,True,True,True,100,ALLOW
case_42_000765,17982.2,False,False,False,50,BLOCK
case_42_000766,21662.63,True,False,False,75,ALLOW
case_42_000767,31442.86,False,False,True,45,BLOCK
case_42_000768,1233.17,True,False,False,95,ALLOW
case_42_000769,1639.59,True,True,True,100,ALLOW
case_42_000770,3991.92,True,True,True,90,ALLOW
case_42_000771,2508.61,True,True,True,70,ALLOW
case_42_000772,3337.7,True,True,True,100,ALLOW
case_42_000773,535.87,True,False,False,100,ALLOW
case_42_000774,1164.68,False,False,True,55,ESCALATE
case_42_000775,2899.89,True,True,True,100,ALLOW
case_42_000776,3242.97,True,True,True,100,ALLOW
case_42_000777,1656.9,False,False,False,40,BLOCK
case_42_000778,3138.93,True,False,False,80,ALLOW
case_42_000779,3038.4,True,True,True,100,ALLOW
case_42_000780,1363.78,True,True,True,90,ALLOW
case_42_000781,42090.29,True,False,False,65,ALLOW
case_42_000782,50781.4,False,False,True,65,ESCALATE
case_42_000783,37723.9,False,False,False,30,BLOCK
case_42_000784,1081.54,True,True,True,75,ALLOW
case_42_000785,1420.36,True,True,True,95,ALLOW
case_42_000786,7619.28,True,False,False,90,ALLOW
case_42_000787,13479.92,True,True,True,100,ALLOW
case_42_000788,3516.89,True,True,True,100,ALLOW
case_42_000789,11148.52,True,True,True,80,ALLOW
case_42_000790,4818.36,True,True,True,60,ALLOW
case_42_000791,7012.52,True,True,True,95,ALLOW
case_42_000792,2349.62,False,False,False,60,ESCALATE
case_42_000793,13419.48,True,False,False,100,ALLOW
case_42_000794,6476.25,True,False,False,85,ALLOW
case_42_000795,23334.22,True,True,True,100,ALLOW
case_42_000796,5248.42,True,True,True,80,ALLOW
case_42_000797,1122.28,True,True,True,90,ALLOW
case_42_000798,17469.19,True,True,True,100,ALLOW
case_42_000799,4598.46,True,False,False,70,ALLOW
case_42_000800,8260.96,True,False,False,65,ALLOW
case_42_000801,54560.29,False,False,True,5,ESCALATE
case_42_000802,30903.08,False,False,False,5,BLOCK
case_42_000803,50832.07,False,False,True,90,ESCALATE
case_42_000804,8947.93,True,False,False,85,ALLOW
case_42_000805,6028.34,False,False,False,40,ESCALATE
case_42_000806,2640.24,True,True,True,100,ALLOW
case_42_000807,3003.82,True,True,True,75,ALLOW
case_42_000808,3583.06,True,True,True,100,ALLOW
case_42_000809,2705.44,False,False,False,50,ESCALATE
case_42_000810,6401.13,True,False,False,65,ALLOW
case_42_000811,54081.51,False,False,True,100,ESCALATE
case_42_000812,1710.18,True,True,True,95,ALLOW
case_42_000813,15199.52,True,True,True,70,ALLOW
case_42_000814,24918.94,False,False,True,55,ESCALATE
case_42_000815,10451.8,True,True,True,100,ALLOW
case_42_000816,20004.95,False,False,False,50,BLOCK
case_42_000817,2493.77,False,False,True,85,ESCALATE
case_42_000818,3433.69,True,False,False,100,ALLOW
case_42_000819,7447.92,True,True,True,90,ALLOW
case_42_000820,6208.94,True,False,False,95,ALLOW
case_42_000821,60781.16,False,False,False,100,ESCALATE
case_42_000822,6751.92,True,False,False,100,ALLOW
case_42_000823,2664.94,True,True,True,100,ALLOW
case_42_000824,1799.35,True,False,False,90,ALLOW
case_42_000825,8928.5,True,True,True,100,ALLOW
case_42_000826,8391.14,True,True,True,80,ALLOW
case_42_000827,47627.31,True,True,True,100,ALLOW
case_42_000828,4709.68,True,True,True,100,ALLOW
case_42_000829,59563.31,False,False,True,80,ESCALATE
case_42_000830,4227.91,True,True,True,100,ALLOW
case_42_000831,3100.41,True,True,True,100,ALLOW
case_42_000832,3133.06,True,False,False,100,ALLOW
case_42_000833,3845.03,True,True,True,100,ALLOW
case_42_000834,1529.64,True,False,False,65,ALLOW
case_42_000835,2669.14,True,False,False,90,ALLOW
case_42_000836,13155.41,True,True,True,75,ALLOW
case_42_000837,4867.79,True,False,False,75,ALLOW
case_42_000838,4432.99,True,False,False,95,ALLOW
case_42_000839,8028.98,False,False,False,50,BLOCK
case_42_000840,3767.6,True,True,True,70,ALLOW
case_42_000841,2599.61,False,False,False,50,BLOCK
case_42_000842,10406.58,True,False,False,75,ALLOW
case_42_000843,2212.41,False,False,False,5,ESCALATE
case_42_000844,14040.42,True,True,True,60,ALLOW
case_42_000845,37280.02,True,False,False,60,ALLOW
case_42_000846,56894.95,False,False,True,85,ESCALATE
case_42_000847,44649.5,True,True,True,70,ALLOW
case_42_000848,5771.17,True,True,True,95,ALLOW
case_42_000849,31410.99,True,False,False,70,ALLOW
case_42_000850,3868.37,True,True,True,70,ALLOW
case_42_000851,12816.68,True,True,True,100,ALLOW
case_42_000852,64026.94,False,False,False,80,ESCALATE
case_42_000853,13506.3,True,True,True,80,ALLOW
case_42_000854,11476.0,True,True,True,100,ALLOW
case_42_000855,10980.23,True,True,True,100,ALLOW
case_42_000856,12029.38,False,False,True,55,BLOCK
case_42_000857,472.65,False,False,False,55,BLOCK
case_42_000858,3149.89,True,True,True,100,ALLOW
case_42_000859,4710.59,True,False,False,70,ALLOW
case_42_000860,1131.78,True,True,True,65,ALLOW
case_42_000861,12030.46,True,True,True,75,ALLOW
case_42_000862,778.64,False,False,True,55,BLOCK
case_42_000863,43283.59,True,False,False,85,ALLOW
case_42_000864,4246.84,True,False,False,75,ALLOW
case_42_000865,2185.52,True,True,True,80,ALLOW
case_42_000866,18840.88,True,True,True,80,ALLOW
case_42_000867,8812.48,True,True,True,95,ALLOW
case_42_000868,10867.53,True,True,True,100,ALLOW
case_42_000869,23832.12,True,True,True,85,ALLOW
case_42_000870,6298.43,True,True,True,90,ALLOW
case_42_000871,1899.67,True,False,False,90,ALLOW
case_42_000872,41245.89,False,False,False,30,BLOCK
case_42_000873,2289.83,True,False,False,90,ALLOW
case_42_000874,13228.19,True,True,True,100,ALLOW
case_42_000875,54597.45,False,False,True,70,ESCALATE
case_42_000876,10915.99,True,True,True,100,ALLOW
case_42_000877,941.86,True,False,False,75,ALLOW
case_42_000878,926.54,False,False,False,45,BLOCK
case_42_000879,4976.94,True,True,True,85,ALLOW
case_42_000880,3415.89,True,False,False,85,ALLOW
case_42_000881,1063.02,True,True,True,100,ALLOW
case_42_000882,979.96,True,True,True,100,ALLOW
case_42_000883,4423.05,False,False,True,0,ESCALATE
case_42_000884,16472.65,True,True,True,80,ALLOW
case_42_000885,2900.29,False,False,False,50,BLOCK
case_42_000886,42299.36,True,True,True,100,ALLOW
case_42_000887,29923.75,True,True,True,75,ALLOW
case_42_000888,4127.68,False,False,True,85,ESCALATE
case_42_000889,4139.9,False,False,False,50,BLOCK
case_42_000890,6406.99,True,False,False,95,ALLOW
case_42_000891,1943.6,True,True,True,100,ALLOW
case_42_000892,34800.52,True,True,True,65,ALLOW
case_42_000893,9354.26,True,False,False,75,ALLOW
case_42_000894,10721.59,True,True,True,100,ALLOW
case_42_000895,12192.56,False,False,False,55,BLOCK
case_42_000896,17394.99,True,True,True,70,ALLOW
case_42_000897,12505.92,True,True,True,100,ALLOW
case_42_000898,682.68,True,True,True,80,ALLOW
case_42_000899,4033.49,False,False,False,40,ESCALATE
case_42_000900,2813.04,True,False,False,90,ALLOW
case_42_000901,981.92,True,False,False,95,ALLOW
case_42_000902,14399.63,True,True,True,85,ALLOW
case_42_000903,4786.54,True,False,False,100,ALLOW
case_42_000904,36438.0,True,True,True,100,ALLOW
case_42_000905,2429.67,True,True,True,100,ALLOW
case_42_000906,60276.99,False,False,True,100,ESCALATE
case_42_000907,10432.51,True,True,True,60,ALLOW
case_42_000908,2096.76,True,True,True,100,ALLOW
case_42_000909,787.57,True,False,False,65,ALLOW
case_42_000910,7690.85,True,True,True,100,ALLOW
case_42_000911,3938.4,True,True,True,90,ALLOW
case_42_000912,6997.96,True,True,True,100,ALLOW
case_42_000913,4872.81,True,True,True,85,ALLOW
case_42_000914,2185.95,False,False,False,45,BLOCK
case_42_000915,19317.92,True,False,False,70,ALLOW
case_42_000916,49788.22,True,True,True,100,ALLOW
case_42_000917,61769.45,False,False,False,0,ESCALATE
case_42_000918,8599.12,True,True,True,100,ALLOW
case_42_000919,3985.73,True,True,True,100,ALLOW
case_42_000920,1091.16,True,True,True,95,ALLOW
case_42_000921,13692.72,True,False,False,75,ALLOW
case_42_000922,7953.26,False,False,False,15,BLOCK
case_42_000923,1604.57,True,True,True,95,ALLOW
case_42_000924,44756.99,False,False,False,40,BLOCK
case_42_000925,4362.03,False,False,False,15,BLOCK
case_42_000926,12117.19,False,False,False,40,ESCALATE
case_42_000927,3199.95,True,False,False,70,ALLOW
case_42_000928,17901.88,True,False,False,85,ALLOW
case_42_000929,11408.23,True,False,False,85,ALLOW
case_42_000930,3081.45,True,True,True,65,ALLOW
case_42_000931,4382.82,True,True,True,100,ALLOW
case_42_000932,4731.59,True,True,True,80,ALLOW
case_42_000933,6198.17,True,False,False,80,ALLOW
case_42_000934,3393.01,True,False,False,90,ALLOW
case_42_000935,1842.65,False,False,False,35,BLOCK
case_42_000936,3480.5,True,True,True,90,ALLOW
case_42_000937,1196.57,True,False,False,95,ALLOW
case_42_000938,1190.44,False,False,False,45,BLOCK
case_42_000939,1226.24,True,True,True,80,ALLOW
case_42_000940,2023.71,True,True,True,100,ALLOW
case_42_000941,4020.09,True,True,True,85,ALLOW
case_42_000942,1972.47,True,True,True,100,ALLOW
case_42_000943,6512.68,False,False,False,60,ESCALATE
case_42_000944,11330.62,True,True,True,100,ALLOW
case_42_000945,9185.22,False,False,False,60,ESCALATE
case_42_000946,13145.78,True,True,True,80,ALLOW
case_42_000947,658.95,True,True,True,75,ALLOW
case_42_000948,13336.13,False,False,False,15,BLOCK
case_42_000949,4770.93,False,False,False,55,BLOCK
case_42_000950,57476.85,False,False,True,100,ESCALATE
case_42_000951,919.93,True,True,True,65,ALLOW
case_42_000952,2450.67,True,True,True,100,ALLOW
case_42_000953,45590.4,False,False,True,55,BLOCK
case_42_000954,18711.29,False,False,False,75,ESCALATE
case_42_000955,885.27,True,False,False,65,ALLOW
case_42_000956,1038.88,True,True,True,75,ALLOW
case_42_000957,3278.48,True,True,True,100,ALLOW
case_42_000958,6307.15,True,True,True,100,ALLOW
case_42_000959,10355.09,True,True,True,100,ALLOW
case_42_000960,10805.7,True,True,True,90,ALLOW
case_42_000961,10676.09,True,False,False,100,ALLOW
case_42_000962,1718.01,False,False,True,50,BLOCK
case_42_000963,58231.68,False,False,True,100,ESCALATE
case_42_000964,14375.37,True,True,True,80,ALLOW
case_42_000965,7384.01,True,True,True,85,ALLOW
case_42_000966,1886.82,False,False,False,25,ESCALATE
case_42_000967,3386.03,True,True,True,75,ALLOW
case_42_000968,3634.56,True,True,True,75,ALLOW
case_42_000969,8583.91,False,False,False,5,BLOCK
case_42_000970,23746.09,True,False,False,85,ALLOW
case_42_000971,5249.31,True,False,False,75,ALLOW
case_42_000972,2490.71,True,True,True,100,ALLOW
case_42_000973,1508.34,True,True,True,100,ALLOW
case_42_000974,3598.74,False,False,False,35,BLOCK
case_42_000975,13254.12,False,False,False,75,ESCALATE
case_42_000976,2173.41,True,False,False,100,ALLOW
case_42_000977,3301.93,True,True,True,95,ALLOW
case_42_000978,9506.06,False,False,True,50,ESCALATE
case_42_000979,13198.86,True,False,False,85,ALLOW
case_42_000980,2206.5,True,True,True,100,ALLOW
case_42_000981,11111.72,False,False,False,45,BLOCK
case_42_000982,3127.08,False,False,False,0,BLOCK
case_42_000983,4259.55,True,True,True,90,ALLOW
case_42_000984,14275.05,False,False,False,55,BLOCK
case_42_000985,43178.04,True,False,False,70,ALLOW
case_42_000986,5270.47,False,False,False,10,BLOCK
case_42_000987,2895.37,True,True,True,100,ALLOW
case_42_000988,7278.23,True,True,True,85,ALLOW
case_42_000989,36682.72,True,True,True,95,ALLOW
case_42_000990,3832.32,False,False,False,15,BLOCK
case_42_000991,42532.98,True,True,True,85,ALLOW
case_42_000992,4134.14,True,False,False,100,ALLOW
case_42_000993,53349.48,False,False,True,85,ESCALATE
case_42_000994,7239.87,True,False,False,80,ALLOW
case_42_000995,1436.23,True,False,False,85,ALLOW
case_42_000996,449.58,True,True,True,95,ALLOW
case_42_000997,7950.28,True,True,True,75,ALLOW
case_42_000998,602.2,True,True,True,100,ALLOW
case_42_000999,1793.05,True,False,False,90,ALLOW
case_42_001000,1596.31,True,True,True,100,ALLOW
case_42_001001,13426.09,True,True,True,100,ALLOW
case_42_001002,3708.05,False,False,True,55,ESCALATE
case_42_001003,62144.74,False,False,True,95,ESCALATE
case_42_001004,7708.7,False,False,True,55,BLOCK
case_42_001005,4050.27,True,True,True,85,ALLOW
case_42_001006,2270.79,True,True,True,75,ALLOW
case_42_001007,11283.4,False,False,True,40,ESCALATE
case_42_001008,2273.5,True,True,True,100,ALLOW
case_42_001009,1425.89,True,False,False,65,ALLOW
case_42_001010,12796.62,True,True,True,100,ALLOW
case_42_001011,4404.22,True,False,False,85,ALLOW
case_42_001012,1966.28,True,True,True,100,ALLOW
case_42_001013,12816.12,True,True,True,100,ALLOW
case_42_001014,10085.23,True,True,True,95,ALLOW
case_42_001015,4315.07,True,True,True,100,ALLOW
case_42_001016,10876.86,False,False,False,40,BLOCK
case_42_001017,3613.14,True,False,False,70,ALLOW
case_42_001018,2075.71,True,False,False,70,ALLOW
case_42_001019,56312.78,False,False,False,20,ESCALATE
case_42_001020,4524.75,True,True,True,95,ALLOW
case_42_001021,4220.58,True,True,True,90,ALLOW
case_42_001022,2790.33,True,True,True,85,ALLOW
case_42_001023,2581.22,True,True,True,100,ALLOW
case_42_001024,1769.43,True,False,False,90,ALLOW
case_42_001025,3584.07,True,True,True,80,ALLOW
case_42_001026,5972.69,True,True,True,100,ALLOW
case_42_001027,2565.73,True,False,False,65,ALLOW
case_42_001028,1177.61,True,False,False,100,ALLOW
case_42_001029,7285.1,False,False,False,35,BLOCK
case_42_001030,8901.45,True,True,True,65,ALLOW
case_42_001031,1590.98,True,True,True,80,ALLOW
case_42_001032,2183.82,True,False,False,75,ALLOW
case_42_001033,9364.09,False,False,False,30,BLOCK
case_42_001034,3047.39,True,False,False,60,ALLOW
case_42_001035,6815.37,False,False,True,70,ESCALATE
case_42_001036,41832.54,True,True,True,65,ALLOW
case_42_001037,13164.92,True,False,False,65,ALLOW
case_42_001038,7096.99,True,True,True,100,ALLOW
case_42_001039,22787.45,False,False,False,65,ESCALATE
case_42_001040,38770.3,True,False,False,70,ALLOW
case_42_001041,11017.16,True,True,True,70,ALLOW
case_42_001042,64605.4,False,False,True,65,ESCALATE
case_42_001043,2581.77,True,False,False,90,ALLOW
case_42_001044,3975.18,True,True,True,90,ALLOW
case_42_001045,3932.36,False,False,False,10,ESCALATE
case_42_001046,4211.11,True,True,True,100,ALLOW
case_42_001047,58039.71,False,False,False,45,ESCALATE
case_42_001048,8564.37,True,True,True,95,ALLOW
case_42_001049,3005.65,False,False,False,60,ESCALATE
case_42_001050,1876.51,True,True,True,100,ALLOW
case_42_001051,6682.83,True,True,True,75,ALLOW
case_42_001052,38552.75,True,True,True,75,ALLOW
case_42_001053,9203.71,True,True,True,100,ALLOW
case_42_001054,2710.64,True,True,True,70,ALLOW
case_42_001055,4104.67,True,True,True,60,ALLOW
case_42_001056,10444.91,False,False,True,80,ESCALATE
case_42_001057,11024.3,True,True,True,80,ALLOW
case_42_001058,2605.6,False,False,False,55,BLOCK
case_42_001059,2128.49,True,True,True,100,ALLOW
case_42_001060,2907.96,True,True,True,100,ALLOW
case_42_001061,13437.17,True,True,True,100,ALLOW
case_42_001062,2520.38,True,True,True,85,ALLOW
case_42_001063,2830.84,True,False,False,100,ALLOW
case_42_001064,772.7,True,True,True,75,ALLOW
case_42_001065,14134.91,True,True,True,95,ALLOW
case_42_001066,49036.75,True,False,False,70,ALLOW
case_42_001067,4158.0,False,False,True,60,ESCALATE
case_42_001068,12282.3,True,True,True,100,ALLOW
case_42_001069,2363.67,True,True,True,100,ALLOW
case_42_001070,3993.39,False,False,True,50,BLOCK
case_42_001071,2838.69,True,True,True,100,ALLOW
case_42_001072,9198.21,True,True,True,95,ALLOW
case_42_001073,4235.76,True,True,True,95,ALLOW
case_42_001074,11560.96,True,True,True,80,ALLOW
case_42_001075,1047.52,True,True,True,80,ALLOW
case_42_001076,413.83,False,False,True,65,ESCALATE
case_42_001077,64739.99,False,False,True,100,ESCALATE
case_42_001078,1935.87,True,True,True,100,ALLOW
case_42_001079,3531.13,False,False,True,60,ESCALATE
case_42_001080,16731.93,True,False,False,60,ALLOW
case_42_001081,3168.65,True,True,True,95,ALLOW
case_42_001082,13195.66,True,True,True,95,ALLOW
case_42_001083,46169.55,True,True,True,100,ALLOW
case_42_001084,12447.61,True,False,False,60,ALLOW
case_42_001085,3011.4,False,False,False,20,ESCALATE
case_42_001086,3559.25,True,True,True,100,ALLOW
case_42_001087,12358.58,True,True,True,100,ALLOW
case_42_001088,3188.22,True,True,True,95,ALLOW
case_42_001089,53387.47,False,False,True,100,ESCALATE
case_42_001090,37470.7,True,True,True,90,ALLOW
case_42_001091,12801.28,False,False,False,50,BLOCK
case_42_001092,11276.59,True,False,False,90,ALLOW
case_42_001093,7773.25,True,False,False,65,ALLOW
case_42_001094,30842.76,True,True,True,90,ALLOW
case_42_001095,3285.33,True,True,True,70,ALLOW
case_42_001096,10061.91,True,True,True,100,ALLOW
case_42_001097,29332.7,True,True,True,85,ALLOW
case_42_001098,4426.27,False,False,False,55,ESCALATE
case_42_001099,2431.54,True,False,False,80,ALLOW
case_42_001100,11271.9,True,True,True,75,ALLOW
case_42_001101,978.36,True,True,True,95,ALLOW
case_42_001102,3387.3,True,True,True,100,ALLOW
case_42_001103,30897.09,True,False,False,70,ALLOW
case_42_001104,6346.73,True,True,True,100,ALLOW
case_42_001105,331.31,True,True,True,95,ALLOW
case_42_001106,846.98,True,True,True,85,ALLOW
case_42_001107,1619.58,True,True,True,95,ALLOW
case_42_001108,725.58,True,False,False,70,ALLOW
case_42_001109,4673.31,True,False,False,65,ALLOW
case_42_001110,1977.58,True,True,True,100,ALLOW
case_42_001111,22640.91,False,False,False,30,BLOCK
case_42_001112,1664.41,True,True,True,65,ALLOW
case_42_001113,2094.65,True,True,True,100,ALLOW
case_42_001114,14186.67,True,True,True,100,ALLOW
case_42_001115,9238.0,True,True,True,100,ALLOW
case_42_001116,3439.76,False,False,False,55,ESCALATE
case_42_001117,1233.98,False,False,False,50,BLOCK
case_42_001118,9615.45,True,True,True,100,ALLOW
case_42_001119,15506.75,True,True,True,100,ALLOW
case_42_001120,11047.99,False,False,False,35,BLOCK
case_42_001121,10428.97,True,True,True,85,ALLOW
case_42_001122,30803.1,True,True,True,85,ALLOW
case_42_001123,3955.37,True,False,False,100,ALLOW
case_42_001124,1424.73,True,True,True,90,ALLOW
case_42_001125,34092.83,True,True,True,70,ALLOW
case_42_001126,439.0,False,False,True,65,ESCALATE
case_42_001127,5806.37,False,False,False,50,BLOCK
case_42_001128,8256.98,True,True,True,100,ALLOW
case_42_001129,1808.36,False,False,False,50,BLOCK
case_42_001130,7071.65,True,True,True,100,ALLOW
case_42_001131,1393.81,True,True,True,100,ALLOW
case_42_001132,2301.02,True,False,False,70,ALLOW
case_42_001133,1597.94,True,True,True,100,ALLOW
case_42_001134,3507.74,True,False,False,70,ALLOW
case_42_001135,3428.72,True,True,True,100,ALLOW
case_42_001136,1001.45,True,False,False,80,ALLOW
case_42_001137,6438.34,True,True,True,90,ALLOW
case_42_001138,3054.69,False,False,False,15,ESCALATE
case_42_001139,1211.38,True,True,True,85,ALLOW
case_42_001140,11136.35,True,False,False,65,ALLOW
case_42_001141,3528.21,True,False,False,100,ALLOW
case_42_001142,1662.42,True,True,True,95,ALLOW
case_42_001143,675.24,True,True,True,100,ALLOW
case_42_001144,9854.16,True,True,True,100,ALLOW
case_42_001145,3203.76,True,True,True,100,ALLOW
case_42_001146,5649.7,True,False,False,80,ALLOW
case_42_001147,3391.32,True,True,True,90,ALLOW
case_42_001148,7634.38,False,False,False,10,BLOCK
case_42_001149,2083.08,False,False,False,25,BLOCK
case_42_001150,4497.8,True,False,False,70,ALLOW
case_42_001151,1573.74,False,False,False,55,ESCALATE
case_42_001152,3525.03,True,True,True,100,ALLOW
case_42_001153,5061.52,True,True,True,95,ALLOW
case_42_001154,10441.41,True,True,True,80,ALLOW
case_42_001155,2720.53,True,True,True,85,ALLOW
case_42_001156,976.89,True,True,True,100,ALLOW
case_42_001157,3326.08,True,False,False,60,ALLOW
case_42_001158,11545.14,True,True,True,85,ALLOW
case_42_001159,22764.47,False,False,False,55,ESCALATE
case_42_001160,8854.29,True,True,True,75,ALLOW
case_42_001161,714.65,True,False,False,70,ALLOW
case_42_001162,50858.72,False,False,False,55,ESCALATE
case_42_001163,2449.34,False,False,False,55,ESCALATE
case_42_001164,6569.32,True,True,True,100,ALLOW
case_42_001165,8967.7,True,True,True,100,ALLOW
case_42_001166,1868.34,True,True,True,100,ALLOW
case_42_001167,4249.37,True,True,True,80,ALLOW
case_42_001168,6689.32,False,False,False,50,BLOCK
case_42_001169,1243.37,True,False,False,75,ALLOW
case_42_001170,6178.16,True,True,True,90,ALLOW
case_42_001171,4556.73,True,False,False,85,ALLOW
case_42_001172,4639.06,True,True,True,60,ALLOW
case_42_001173,2633.8,True,True,True,80,ALLOW
case_42_001174,1075.89,False,False,False,40,BLOCK
case_42_001175,2539.0,True,True,True,100,ALLOW
case_42_001176,60073.89,False,False,True,100,ESCALATE
case_42_001177,4659.29,True,True,True,100,ALLOW
case_42_001178,15307.32,True,False,False,75,ALLOW
case_42_001179,19188.36,True,True,True,95,ALLOW
case_42_001180,4747.12,True,False,False,100,ALLOW
case_42_001181,3212.19,True,True,True,100,ALLOW
case_42_001182,943.3,True,True,True,100,ALLOW
case_42_001183,7377.35,True,True,True,100,ALLOW
case_42_001184,18620.21,True,True,True,95,ALLOW
case_42_001185,2744.93,True,True,True,100,ALLOW
case_42_001186,13714.13,False,False,False,25,BLOCK
case_42_001187,4082.8,True,True,True,80,ALLOW
case_42_001188,8512.94,True,False,False,85,ALLOW
case_42_001189,12666.23,True,True,True,100,ALLOW
case_42_001190,8282.73,False,False,False,40,BLOCK
case_42_001191,4453.73,False,False,True,70,ESCALATE
case_42_001192,9899.1,True,True,True,100,ALLOW
case_42_001193,10240.13,True,True,True,100,ALLOW
case_42_001194,10085.48,False,False,False,80,ESCALATE
case_42_001195,4070.9,True,True,True,85,ALLOW
case_42_001196,3592.92,False,False,False,40,BLOCK
case_42_001197,773.36,True,False,False,60,ALLOW
case_42_001198,3301.4,True,True,True,100,ALLOW
case_42_001199,2851.55,True,True,True,65,ALLOW
case_42_001200,13528.16,False,False,False,45,BLOCK
case_42_001201,10243.92,True,False,False,85,ALLOW
case_42_001202,12724.35,True,True,True,100,ALLOW
case_42_001203,4556.77,True,True,True,95,ALLOW
case_42_001204,22175.96,False,False,False,55,BLOCK
case_42_001205,11129.16,True,True,True,65,ALLOW
case_42_001206,8497.05,False,False,False,15,BLOCK
case_42_001207,2127.29,True,True,True,95,ALLOW
case_42_001208,3569.83,False,False,False,50,BLOCK
case_42_001209,6673.63,True,True,True,80,ALLOW
case_42_001210,3521.5,True,False,False,80,ALLOW
case_42_001211,14119.69,True,False,False,100,ALLOW
case_42_001212,21985.05,False,False,False,15,BLOCK
case_42_001213,18957.63,False,False,False,55,ESCALATE
case_42_001214,23022.77,False,False,False,20,BLOCK
case_42_001215,2722.24,True,True,True,100,ALLOW
case_42_001216,54801.42,False,False,False,85,ESCALATE
case_42_001217,2819.81,True,False,False,90,ALLOW
case_42_001218,1434.05,False,False,False,50,ESCALATE
case_42_001219,10270.68,True,False,False,95,ALLOW
case_42_001220,6158.54,True,True,True,100,ALLOW
case_42_001221,3831.43,True,True,True,100,ALLOW
case_42_001222,7667.3,True,True,True,85,ALLOW
case_42_001223,1472.28,True,True,True,100,ALLOW
case_42_001224,11371.33,True,True,True,100,ALLOW
case_42_001225,2402.06,True,True,True,100,ALLOW
case_42_001226,3800.07,False,False,True,70,ESCALATE
case_42_001227,61296.85,False,False,True,100,ESCALATE
case_42_001228,10060.34,False,False,False,50,BLOCK
case_42_001229,4621.74,True,False,False,100,ALLOW
case_42_001230,9184.73,True,True,True,60,ALLOW
case_42_001231,9861.58,False,False,False,50,BLOCK
case_42_001232,769.43,True,True,True,70,ALLOW
case_42_001233,25505.83,True,False,False,95,ALLOW
case_42_001234,4014.27,False,False,True,50,BLOCK
case_42_001235,2357.55,True,True,True,100,ALLOW
case_42_001236,3402.25,False,False,False,55,BLOCK
case_42_001237,4429.13,True,False,False,70,ALLOW
case_42_001238,4163.39,True,True,True,70,ALLOW
case_42_001239,4794.53,True,True,True,100,ALLOW
case_42_001240,2364.5,True,True,True,80,ALLOW
case_42_001241,2910.4,True,True,True,100,ALLOW
case_42_001242,18515.26,True,False,False,60,ALLOW
case_42_001243,2986.51,True,True,True,100,ALLOW
case_42_001244,60544.87,False,False,True,95,ESCALATE
case_42_001245,3545.31,True,True,True,100,ALLOW
case_42_001246,6829.01,True,True,True,100,ALLOW
case_42_001247,2043.87,True,True,True,90,ALLOW
case_42_001248,6527.97,False,False,False,50,BLOCK
case_42_001249,16728.86,True,True,True,70,ALLOW
case_42_001250,7112.58,True,True,True,100,ALLOW
case_42_001251,32005.02,True,True,True,80,ALLOW
case_42_001252,1159.34,True,True,True,80,ALLOW
case_42_001253,8556.77,True,True,True,100,ALLOW
case_42_001254,10521.6,True,True,True,95,ALLOW
case_42_001255,7591.54,False,False,True,45,BLOCK
case_42_001256,594.12,False,False,False,35,BLOCK
case_42_001257,597.1,True,True,True,95,ALLOW
case_42_001258,16664.96,True,False,False,95,ALLOW
case_42_001259,3406.4,True,True,True,95,ALLOW
case_42_001260,41338.8,False,False,True,65,ESCALATE
case_42_001261,2071.27,True,False,False,85,ALLOW
case_42_001262,4309.71,True,True,True,80,ALLOW
case_42_001263,10606.69,True,True,True,100,ALLOW
case_42_001264,4224.18,True,False,False,80,ALLOW
case_42_001265,5863.25,False,False,False,40,BLOCK
case_42_001266,8680.97,False,False,False,50,ESCALATE
case_42_001267,878.37,True,True,True,90,ALLOW
case_42_001268,639.35,True,True,True,65,ALLOW
case_42_001269,14053.38,True,False,False,75,ALLOW
case_42_001270,712.67,False,False,False,45,BLOCK
case_42_001271,4004.3,True,False,False,65,ALLOW
case_42_001272,9193.56,True,True,True,80,ALLOW
case_42_001273,47898.12,True,True,True,65,ALLOW
case_42_001274,9200.01,True,True,True,100,ALLOW
case_42_001275,1025.69,True,False,False,80,ALLOW
case_42_001276,3649.21,True,True,True,100,ALLOW
case_42_001277,5647.83,True,True,True,100,ALLOW
case_42_001278,6826.52,False,False,False,50,BLOCK
case_42_001279,3677.48,True,True,True,100,ALLOW
case_42_001280,59605.65,False,False,True,95,ESCALATE
case_42_001281,56667.44,False,False,True,90,ESCALATE
case_42_001282,11813.65,True,False,False,100,ALLOW
case_42_001283,5901.55,True,True,True,95,ALLOW
case_42_001284,7655.8,True,False,False,95,ALLOW
case_42_001285,8714.94,False,False,False,15,BLOCK
case_42_001286,12073.18,True,True,True,95,ALLOW
case_42_001287,13081.84,False,False,False,20,ESCALATE
case_42_001288,4403.33,True,True,True,100,ALLOW
case_42_001289,12213.77,True,True,True,85,ALLOW
case_42_001290,10608.4,True,True,True,70,ALLOW
case_42_001291,13327.49,True,True,True,100,ALLOW
case_42_001292,7393.34,True,True,True,100,ALLOW
case_42_001293,1831.05,True,False,False,85,ALLOW
case_42_001294,12982.37,True,True,True,100,ALLOW
case_42_001295,6142.05,True,True,True,100,ALLOW
case_42_001296,54418.76,False,False,True,100,ESCALATE
case_42_001297,7723.01,True,True,True,100,ALLOW
case_42_001298,5265.31,True,True,True,100,ALLOW
case_42_001299,6285.54,True,True,True,75,ALLOW
case_42_001300,6549.46,True,False,False,65,ALLOW
case_42_001301,9956.01,True,True,True,100,ALLOW
case_42_001302,12865.05,True,True,True,100,ALLOW
case_42_001303,9921.79,True,True,True,95,ALLOW
case_42_001304,4729.03,True,True,True,100,ALLOW
case_42_001305,301.22,False,False,False,40,BLOCK
case_42_001306,540.92,True,True,True,100,ALLOW
case_42_001307,938.27,False,False,False,0,ESCALATE
case_42_001308,3561.64,True,True,True,100,ALLOW
case_42_001309,2538.41,True,True,True,85,ALLOW
case_42_001310,5150.7,True,False,False,75,ALLOW
case_42_001311,10515.02,True,True,True,85,ALLOW
case_42_001312,1952.84,False,False,False,45,ESCALATE
case_42_001313,6791.02,True,True,True,90,ALLOW
case_42_001314,9327.97,True,False,False,80,ALLOW
case_42_001315,27576.86,True,False,False,60,ALLOW
case_42_001316,53159.83,False,False,False,25,ESCALATE
case_42_001317,4811.32,True,False,False,100,ALLOW
case_42_001318,13680.06,True,True,True,100,ALLOW
case_42_001319,59028.36,False,False,True,80,ESCALATE
case_42_001320,3701.1,True,True,True,90,ALLOW
case_42_001321,3792.31,False,False,False,60,BLOCK
case_42_001322,1987.12,True,True,True,70,ALLOW
case_42_001323,11871.81,True,False,False,65,ALLOW
case_42_001324,47036.35,False,False,True,40,BLOCK
case_42_001325,10802.91,True,False,False,100,ALLOW
case_42_001326,7365.59,False,False,False,45,ESCALATE
case_42_001327,10562.7,True,True,True,90,ALLOW
case_42_001328,7047.51,False,False,False,15,BLOCK
case_42_001329,11178.9,True,False,False,85,ALLOW
case_42_001330,7913.56,False,False,False,40,BLOCK
case_42_001331,42496.74,True,True,True,100,ALLOW
case_42_001332,5125.73,True,False,False,85,ALLOW
case_42_001333,4475.4,True,True,True,100,ALLOW
case_42_001334,600.68,True,True,True,90,ALLOW
case_42_001335,3456.63,True,True,True,100,ALLOW
case_42_001336,1396.54,True,True,True,90,ALLOW
case_42_001337,16328.41,True,True,True,100,ALLOW
case_42_001338,9633.11,False,False,False,55,BLOCK
case_42_001339,3569.23,True,False,False,95,ALLOW
case_42_001340,44824.33,True,True,True,65,ALLOW
case_42_001341,598.5,True,True,True,100,ALLOW
case_42_001342,42501.86,True,False,False,75,ALLOW
case_42_001343,10093.11,True,True,True,100,ALLOW
case_42_001344,13644.09,True,True,True,60,ALLOW
case_42_001345,37507.29,False,False,True,55,ESCALATE
case_42_001346,10764.07,True,False,False,100,ALLOW
case_42_001347,18435.44,True,True,True,70,ALLOW
case_42_001348,859.93,False,False,False,5,BLOCK
case_42_001349,2853.54,True,True,True,100,ALLOW
case_42_001350,3720.56,True,False,False,65,ALLOW
case_42_001351,4163.61,True,True,True,70,ALLOW
case_42_001352,3016.48,False,False,False,20,BLOCK
case_42_001353,11410.57,False,False,False,45,BLOCK
case_42_001354,2488.16,True,True,True,100,ALLOW
case_42_001355,2908.37,True,True,True,85,ALLOW
case_42_001356,56483.42,False,False,True,65,ESCALATE
case_42_001357,27510.46,True,True,True,80,ALLOW
case_42_001358,6409.64,True,True,True,85,ALLOW
case_42_001359,3001.96,True,True,True,85,ALLOW
case_42_001360,6173.77,True,False,False,100,ALLOW
case_42_001361,3691.04,True,True,True,70,ALLOW
case_42_001362,3481.97,True,True,True,100,ALLOW
case_42_001363,4421.83,True,False,False,100,ALLOW
case_42_001364,57408.0,False,False,True,70,ESCALATE
case_42_001365,42350.16,True,True,True,95,ALLOW
case_42_001366,3928.49,True,True,True,85,ALLOW
case_42_001367,30446.92,True,True,True,60,ALLOW
case_42_001368,794.44,True,True,True,100,ALLOW
case_42_001369,8539.1,True,True,True,100,ALLOW
case_42_001370,6799.82,True,True,True,85,ALLOW
case_42_001371,407.44,True,False,False,80,ALLOW
case_42_001372,3871.92,True,False,False,100,ALLOW
case_42_001373,6905.4,True,True,True,100,ALLOW
case_42_001374,9277.07,True,True,True,85,ALLOW
case_42_001375,1643.73,True,True,True,100,ALLOW
case_42_001376,9583.04,True,False,False,75,ALLOW
case_42_001377,11236.19,True,True,True,95,ALLOW
case_42_001378,4417.48,True,True,True,100,ALLOW
case_42_001379,12981.17,True,False,False,100,ALLOW
case_42_001380,4348.23,True,False,False,95,ALLOW
case_42_001381,56483.85,False,False,False,55,ESCALATE
case_42_001382,3368.81,True,True,True,75,ALLOW
case_42_001383,2475.28,True,True,True,95,ALLOW
case_42_001384,1306.31,True,False,False,60,ALLOW
case_42_001385,8075.97,True,True,True,100,ALLOW
case_42_001386,4301.88,True,True,True,100,ALLOW
case_42_001387,13957.57,True,True,True,100,ALLOW
case_42_001388,13737.61,False,False,True,55,ESCALATE
case_42_001389,2420.44,True,True,True,85,ALLOW
case_42_001390,26818.08,False,False,True,65,ESCALATE
case_42_001391,1611.43,True,False,False,90,ALLOW
case_42_001392,3792.34,True,True,True,100,ALLOW
case_42_001393,8115.39,True,True,True,80,ALLOW
case_42_001394,1978.37,True,True,True,100,ALLOW
case_42_001395,2467.19,True,True,True,100,ALLOW
case_42_001396,4138.8,False,False,False,20,ESCALATE
case_42_001397,10696.0,False,False,False,0,ESCALATE
case_42_001398,1427.7,False,False,True,85,ESCALATE
case_42_001399,9709.99,True,False,False,65,ALLOW
case_42_001400,36561.38,True,True,True,85,ALLOW
case_42_001401,13545.52,True,True,True,90,ALLOW
case_42_001402,11793.9,True,False,False,90,ALLOW
case_42_001403,5403.67,True,True,True,65,ALLOW
case_42_001404,4584.04,True,True,True,100,ALLOW
case_42_001405,4208.46,False,False,False,30,ESCALATE
case_42_001406,8443.17,True,True,True,100,ALLOW
case_42_001407,5774.07,True,True,True,100,ALLOW
case_42_001408,13277.41,True,True,True,100,ALLOW
case_42_001409,846.48,False,False,False,30,BLOCK
case_42_001410,2552.08,True,False,False,80,ALLOW
case_42_001411,2696.39,False,False,True,95,ESCALATE
case_42_001412,1021.53,True,False,False,65,ALLOW
case_42_001413,7121.22,True,False,False,65,ALLOW
case_42_001414,9122.61,True,False,False,80,ALLOW
case_42_001415,8746.95,True,False,False,100,ALLOW
case_42_001416,44976.86,True,True,True,95,ALLOW
case_42_001417,2524.55,False,False,False,25,BLOCK
case_42_001418,2006.2,False,False,False,70,ESCALATE
case_42_001419,63582.38,False,False,True,90,ESCALATE
case_42_001420,42365.67,False,False,False,50,BLOCK
case_42_001421,2524.91,True,True,True,95,ALLOW
case_42_001422,2785.65,False,False,False,55,BLOCK
case_42_001423,609.36,False,False,False,40,BLOCK
case_42_001424,1014.63,True,False,False,65,ALLOW
case_42_001425,1282.88,True,True,True,65,ALLOW
case_42_001426,5053.09,True,True,True,65,ALLOW
case_42_001427,3300.97,True,True,True,100,ALLOW
case_42_001428,13064.38,True,True,True,90,ALLOW
case_42_001429,10486.9,True,True,True,90,ALLOW
case_42_001430,2076.23,False,False,True,55,BLOCK
case_42_001431,1228.5,True,True,True,100,ALLOW
case_42_001432,4188.16,True,True,True,100,ALLOW
case_42_001433,50654.49,False,False,True,100,ESCALATE
case_42_001434,9124.3,True,True,True,100,ALLOW
case_42_001435,8977.31,True,True,True,100,ALLOW
case_42_001436,744.76,True,False,False,75,ALLOW
case_42_001437,1572.66,True,False,False,70,ALLOW
case_42_001438,8388.95,False,False,False,45,BLOCK
case_42_001439,1518.99,True,True,True,100,ALLOW
case_42_001440,42289.62,True,True,True,65,ALLOW
case_42_001441,8422.32,True,True,True,100,ALLOW
case_42_001442,8454.75,True,True,True,80,ALLOW
case_42_001443,1968.95,True,False,False,100,ALLOW
case_42_001444,4456.05,True,True,True,75,ALLOW
case_42_001445,10546.3,True,True,True,100,ALLOW
case_42_001446,2221.98,True,True,True,85,ALLOW
case_42_001447,21350.51,True,True,True,100,ALLOW
case_42_001448,4405.09,True,True,True,85,ALLOW
case_42_001449,1087.93,True,True,True,85,ALLOW
case_42_001450,10595.94,True,True,True,100,ALLOW
case_42_001451,2338.75,True,True,True,80,ALLOW
case_42_001452,33369.32,True,False,False,80,ALLOW
case_42_001453,2683.32,True,False,False,80,ALLOW
case_42_001454,11088.96,True,False,False,100,ALLOW
case_42_001455,2464.25,True,True,True,100,ALLOW
case_42_001456,19702.12,True,True,True,85,ALLOW
case_42_001457,8607.44,True,True,True,80,ALLOW
case_42_001458,11640.62,False,False,False,35,ESCALATE
case_42_001459,9781.51,True,True,True,100,ALLOW
case_42_001460,9472.95,True,True,True,100,ALLOW
case_42_001461,2755.99,True,True,True,100,ALLOW
case_42_001462,2051.98,True,True,True,95,ALLOW
case_42_001463,2652.95,True,True,True,95,ALLOW
case_42_001464,8151.87,False,False,False,50,BLOCK
case_42_001465,2189.48,False,False,False,75,ESCALATE
case_42_001466,37971.84,True,True,True,85,ALLOW
case_42_001467,3115.1,True,False,False,100,ALLOW
case_42_001468,3214.84,True,True,True,90,ALLOW
case_42_001469,10203.44,True,False,False,75,ALLOW
case_42_001470,10927.97,True,True,True,100,ALLOW
case_42_001471,3536.74,True,False,False,80,ALLOW
case_42_001472,5919.1,True,True,True,70,ALLOW
case_42_001473,5137.24,False,False,False,50,BLOCK
case_42_001474,3438.33,True,True,True,95,ALLOW
case_42_001475,2247.8,False,False,False,50,BLOCK
case_42_001476,14964.28,False,False,False,35,BLOCK
case_42_001477,12921.75,True,True,True,100,ALLOW
case_42_001478,1315.73,False,False,False,5,BLOCK
case_42_001479,2052.03,True,False,False,85,ALLOW
case_42_001480,5849.65,True,True,True,100,ALLOW
case_42_001481,12199.53,True,True,True,90,ALLOW
case_42_001482,12346.36,True,True,True,100,ALLOW
case_42_001483,418.69,True,True,True,100,ALLOW
case_42_001484,1819.63,True,True,True,100,ALLOW
case_42_001485,12284.58,True,True,True,100,ALLOW
case_42_001486,7044.71,False,False,False,0,ESCALATE
case_42_001487,6671.79,True,True,True,100,ALLOW
case_42_001488,1832.4,True,False,False,95,ALLOW
case_42_001489,14290.96,True,True,True,85,ALLOW
case_42_001490,14306.91,False,False,False,45,ESCALATE
case_42_001491,4255.49,True,True,True,100,ALLOW
case_42_001492,10698.11,True,False,False,80,ALLOW
case_42_001493,3652.81,True,False,False,70,ALLOW
case_42_001494,6386.28,True,True,True,85,ALLOW
case_42_001495,14256.06,True,True,True,100,ALLOW
case_42_001496,3775.35,True,True,True,80,ALLOW
case_42_001497,3811.51,True,False,False,70,ALLOW
case_42_001498,10595.81,False,False,False,45,BLOCK
case_42_001499,3760.89,True,True,True,100,ALLOW
case_42_001500,4575.29,False,False,False,85,ESCALATE
case_42_001501,941.05,True,False,False,70,ALLOW
case_42_001502,2957.3,True,True,True,90,ALLOW
case_42_001503,4031.47,False,False,False,60,ESCALATE
case_42_001504,4457.22,False,False,False,90,ESCALATE
case_42_001505,55454.21,False,False,True,70,ESCALATE
case_42_001506,30069.68,True,True,True,90,ALLOW
case_42_001507,5130.21,True,True,True,100,ALLOW
case_42_001508,7263.08,True,True,True,80,ALLOW
case_42_001509,6579.59,True,True,True,100,ALLOW
case_42_001510,3894.0,True,True,True,80,ALLOW
case_42_001511,3446.76,True,True,True,85,ALLOW
case_42_001512,2659.43,True,True,True,100,ALLOW
case_42_001513,4163.92,True,False,False,70,ALLOW
case_42_001514,63834.02,False,False,True,100,ESCALATE
case_42_001515,1490.69,True,True,True,100,ALLOW
case_42_001516,4777.18,False,False,True,75,ESCALATE
case_42_001517,13397.22,True,True,True,90,ALLOW
case_42_001518,2637.41,False,False,False,50,BLOCK
case_42_001519,21202.84,True,False,False,70,ALLOW
case_42_001520,5900.13,True,True,True,95,ALLOW
case_42_001521,14428.08,True,True,True,85,ALLOW
case_42_001522,2732.79,True,True,True,100,ALLOW
case_42_001523,4749.93,True,True,True,65,ALLOW
case_42_001524,15908.41,True,True,True,100,ALLOW
case_42_001525,11683.54,False,False,False,0,ESCALATE
case_42_001526,4087.94,True,True,True,100,ALLOW
case_42_001527,9914.52,False,False,False,30,BLOCK
case_42_001528,21411.01,True,False,False,80,ALLOW
case_42_001529,3811.12,False,False,False,50,BLOCK
case_42_001530,12641.31,True,True,True,100,ALLOW
case_42_001531,11776.86,True,True,True,90,ALLOW
case_42_001532,4326.23,True,True,True,100,ALLOW
case_42_001533,2737.97,True,True,True,85,ALLOW
case_42_001534,4049.39,False,False,False,35,BLOCK
case_42_001535,12294.01,True,True,True,100,ALLOW
case_42_001536,18636.3,False,False,False,40,BLOCK
case_42_001537,17795.86,False,False,False,55,BLOCK
case_42_001538,8779.14,True,True,True,85,ALLOW
case_42_001539,10341.34,True,True,True,90,ALLOW
case_42_001540,9000.54,True,True,True,85,ALLOW
case_42_001541,3870.53,True,True,True,100,ALLOW
case_42_001542,6259.43,True,False,False,75,ALLOW
case_42_001543,10610.15,False,False,True,50,BLOCK
case_42_001544,3805.22,False,False,True,70,ESCALATE
case_42_001545,2614.15,False,False,False,35,BLOCK
case_42_001546,13922.1,True,False,False,60,ALLOW
case_42_001547,2517.2,True,True,True,100,ALLOW
case_42_001548,52893.64,False,False,True,70,ESCALATE
case_42_001549,3419.31,False,False,False,20,BLOCK
case_42_001550,3213.03,False,False,True,60,ESCALATE
case_42_001551,1829.68,True,True,True,100,ALLOW
case_42_001552,9519.81,True,False,False,65,ALLOW
case_42_001553,5304.69,True,True,True,100,ALLOW
case_42_001554,11966.81,True,True,True,100,ALLOW
case_42_001555,9649.86,True,True,True,100,ALLOW
case_42_001556,1814.93,True,True,True,100,ALLOW
case_42_001557,4884.43,False,False,False,25,ESCALATE
case_42_001558,11581.73,True,True,True,70,ALLOW
case_42_001559,3861.48,True,True,True,95,ALLOW
case_42_001560,9073.21,True,True,True,100,ALLOW
case_42_001561,49769.89,False,False,True,50,BLOCK
case_42_001562,4573.91,True,True,True,100,ALLOW
case_42_001563,7858.34,True,True,True,100,ALLOW
case_42_001564,52171.06,False,False,True,50,ESCALATE
case_42_001565,549.47,True,True,True,100,ALLOW
case_42_001566,8758.06,False,False,False,55,BLOCK
case_42_001567,2205.78,False,False,True,75,ESCALATE
case_42_001568,6041.07,False,False,False,80,ESCALATE
case_42_001569,10304.95,True,True,True,100,ALLOW
case_42_001570,62383.37,False,False,False,70,ESCALATE
case_42_001571,10986.97,True,False,False,95,ALLOW
case_42_001572,40863.3,False,False,False,25,BLOCK
case_42_001573,1232.61,True,True,True,100,ALLOW
case_42_001574,4409.78,True,False,False,100,ALLOW
case_42_001575,19283.23,True,True,True,100,ALLOW
case_42_001576,54241.78,False,False,True,75,ESCALATE
case_42_001577,10379.54,True,True,True,100,ALLOW
case_42_001578,4004.57,False,False,False,85,ESCALATE
case_42_001579,8895.31,True,True,True,100,ALLOW
case_42_001580,8515.31,False,False,False,5,ESCALATE
case_42_001581,32080.21,True,True,True,95,ALLOW
case_42_001582,2217.89,True,False,False,90,ALLOW
case_42_001583,47013.58,True,False,False,95,ALLOW
case_42_001584,40172.41,False,False,False,40,BLOCK
case_42_001585,6024.42,True,True,True,90,ALLOW
case_42_001586,498.56,False,False,True,75,ESCALATE
case_42_001587,11424.78,True,True,True,100,ALLOW
case_42_001588,12789.62,True,True,True,100,ALLOW
case_42_001589,658.68,True,True,True,95,ALLOW
case_42_001590,3862.44,True,True,True,100,ALLOW
case_42_001591,53808.25,False,False,False,45,ESCALATE
case_42_001592,55784.85,False,False,False,85,ESCALATE
case_42_001593,1917.1,True,True,True,75,ALLOW
case_42_001594,2311.19,True,True,True,100,ALLOW
case_42_001595,3517.06,True,True,True,65,ALLOW
case_42_001596,4788.68,True,True,True,100,ALLOW
case_42_001597,30515.01,True,True,True,90,ALLOW
case_42_001598,5304.01,True,True,True,100,ALLOW
case_42_001599,51445.12,False,False,False,75,ESCALATE
case_42_001600,33425.87,True,True,True,100,ALLOW
case_42_001601,12157.58,True,False,False,85,ALLOW
case_42_001602,4873.39,False,False,False,15,BLOCK
case_42_001603,10623.62,True,True,True,100,ALLOW
case_42_001604,5266.97,True,True,True,85,ALLOW
case_42_001605,2707.97,True,True,True,95,ALLOW
case_42_001606,1649.94,True,True,True,100,ALLOW
case_42_001607,2606.66,False,False,False,40,BLOCK
case_42_001608,1044.07,True,True,True,75,ALLOW
case_42_001609,61022.25,False,False,True,75,ESCALATE
case_42_001610,7926.62,True,True,True,85,ALLOW
case_42_001611,2891.12,True,False,False,80,ALLOW
case_42_001612,3021.36,True,True,True,80,ALLOW
case_42_001613,2297.76,True,False,False,100,ALLOW
case_42_001614,8554.06,True,True,True,100,ALLOW
case_42_001615,484.9,True,True,True,100,ALLOW
case_42_001616,4048.59,True,True,True,100,ALLOW
case_42_001617,12093.22,True,True,True,70,ALLOW
case_42_001618,10496.08,True,True,True,95,ALLOW
case_42_001619,50777.16,False,False,True,95,ESCALATE
case_42_001620,6726.84,True,True,True,100,ALLOW
case_42_001621,2043.8,True,True,True,90,ALLOW
case_42_001622,52874.78,False,False,False,25,ESCALATE
case_42_001623,8499.25,True,True,True,85,ALLOW
case_42_001624,29726.26,True,True,True,80,ALLOW
case_42_001625,3847.56,False,False,False,45,BLOCK
case_42_001626,810.25,True,False,False,70,ALLOW
case_42_001627,1714.75,True,True,True,100,ALLOW
case_42_001628,8941.2,True,False,False,90,ALLOW
case_42_001629,46897.28,True,True,True,95,ALLOW
case_42_001630,25940.61,True,True,True,85,ALLOW
case_42_001631,1293.3,True,False,False,70,ALLOW
case_42_001632,11886.09,True,True,True,80,ALLOW
case_42_001633,3037.08,True,True,True,100,ALLOW
case_42_001634,7375.04,False,False,False,45,BLOCK
case_42_001635,3491.13,True,True,True,95,ALLOW
case_42_001636,8348.8,True,False,False,60,ALLOW
case_42_001637,4235.78,False,False,False,20,ESCALATE
case_42_001638,11802.87,True,True,True,85,ALLOW
case_42_001639,7723.38,True,True,True,95,ALLOW
case_42_001640,17621.81,True,True,True,65,ALLOW
case_42_001641,3886.12,False,False,False,50,BLOCK
case_42_001642,5901.01,False,False,True,85,ESCALATE
case_42_001643,11002.64,True,True,True,100,ALLOW
case_42_001644,1063.74,True,False,False,85,ALLOW
case_42_001645,11834.48,False,False,False,0,BLOCK
case_42_001646,14426.29,True,False,False,65,ALLOW
case_42_001647,8673.47,True,False,False,80,ALLOW
case_42_001648,5225.87,False,False,False,65,ESCALATE
case_42_001649,19985.16,True,True,True,85,ALLOW
case_42_001650,9961.84,True,True,True,100,ALLOW
case_42_001651,12863.74,True,False,False,60,ALLOW
case_42_001652,3515.05,True,False,False,100,ALLOW
case_42_001653,4078.86,False,False,False,50,ESCALATE
case_42_001654,48496.94,True,True,True,85,ALLOW
case_42_001655,2841.64,False,False,False,35,BLOCK
case_42_001656,2141.89,True,False,False,85,ALLOW
case_42_001657,3412.49,True,True,True,100,ALLOW
case_42_001658,10793.26,True,True,True,100,ALLOW
case_42_001659,13571.23,True,False,False,85,ALLOW
case_42_001660,3297.29,True,False,False,70,ALLOW
case_42_001661,4058.85,True,True,True,100,ALLOW
case_42_001662,4363.23,True,True,True,100,ALLOW
case_42_001663,689.44,True,True,True,100,ALLOW
case_42_001664,3083.76,True,True,True,100,ALLOW
case_42_001665,2704.33,True,False,False,90,ALLOW
case_42_001666,9758.63,True,True,True,100,ALLOW
case_42_001667,2340.9,True,True,True,90,ALLOW
case_42_001668,12540.51,False,False,False,75,ESCALATE
case_42_001669,52686.01,False,False,True,80,ESCALATE
case_42_001670,3903.42,True,True,True,100,ALLOW
case_42_001671,3801.34,False,False,False,80,ESCALATE
case_42_001672,893.51,True,True,True,85,ALLOW
case_42_001673,3143.45,True,True,True,85,ALLOW
case_42_001674,3604.43,True,True,True,100,ALLOW
case_42_001675,4190.33,False,False,True,55,BLOCK
case_42_001676,2640.77,True,True,True,60,ALLOW
case_42_001677,6563.32,False,False,True,50,BLOCK
case_42_001678,1973.11,True,True,True,100,ALLOW
case_42_001679,50400.49,False,False,True,100,ESCALATE
case_42_001680,4606.41,True,True,True,100,ALLOW
case_42_001681,8284.74,False,False,False,85,ESCALATE
case_42_001682,53202.8,False,False,True,100,ESCALATE
case_42_001683,1795.31,True,True,True,100,ALLOW
case_42_001684,53068.07,False,False,True,95,ESCALATE
case_42_001685,2755.52,True,True,True,100,ALLOW
case_42_001686,1666.38,False,False,False,30,BLOCK
case_42_001687,538.83,False,False,False,20,BLOCK
case_42_001688,660.28,True,True,True,70,ALLOW
case_42_001689,2892.82,True,True,True,75,ALLOW
case_42_001690,13738.25,True,True,True,100,ALLOW
case_42_001691,3152.31,False,False,False,35,BLOCK
case_42_001692,58899.22,False,False,False,35,ESCALATE
case_42_001693,4169.69,True,True,True,70,ALLOW
case_42_001694,61038.58,False,False,False,70,ESCALATE
case_42_001695,1915.88,True,True,True,100,ALLOW
case_42_001696,10262.93,True,True,True,100,ALLOW
case_42_001697,3546.15,True,True,True,100,ALLOW
case_42_001698,24200.05,False,False,False,15,BLOCK
case_42_001699,28472.93,True,True,True,75,ALLOW
case_42_001700,566.96,True,False,False,65,ALLOW
case_42_001701,2457.94,True,True,True,90,ALLOW
case_42_001702,10816.53,False,False,True,55,BLOCK
case_42_001703,6400.7,True,False,False,85,ALLOW
case_42_001704,1256.32,True,True,True,100,ALLOW
case_42_001705,8944.87,True,True,True,90,ALLOW
case_42_001706,8927.13,True,True,True,90,ALLOW
case_42_001707,4288.79,True,True,True,100,ALLOW
case_42_001708,34022.7,True,False,False,65,ALLOW
case_42_001709,57060.11,False,False,True,100,ESCALATE
case_42_001710,18213.31,False,False,True,80,ESCALATE
case_42_001711,14528.46,False,False,True,55,BLOCK
case_42_001712,3451.91,True,True,True,90,ALLOW
case_42_001713,8852.06,True,True,True,100,ALLOW
case_42_001714,10473.48,False,False,False,50,ESCALATE
case_42_001715,10591.73,True,False,False,90,ALLOW
case_42_001716,23738.33,False,False,False,20,BLOCK
case_42_001717,1099.35,True,True,True,95,ALLOW
case_42_001718,1548.41,False,False,False,10,ESCALATE
case_42_001719,40904.64,False,False,False,45,BLOCK
case_42_001720,3153.2,False,False,False,55,BLOCK
case_42_001721,12556.32,True,True,True,100,ALLOW
case_42_001722,1440.6,True,True,True,100,ALLOW
case_42_001723,2717.71,True,False,False,100,ALLOW
case_42_001724,12219.57,True,True,True,100,ALLOW
case_42_001725,4644.12,True,True,True,95,ALLOW
case_42_001726,6269.6,False,False,False,35,BLOCK
case_42_001727,1352.41,True,True,True,90,ALLOW
case_42_001728,3252.12,True,True,True,100,ALLOW
case_42_001729,3020.33,True,True,True,100,ALLOW
case_42_001730,2149.21,True,True,True,100,ALLOW
case_42_001731,10239.58,False,False,False,10,BLOCK
case_42_001732,6798.33,True,True,True,90,ALLOW
case_42_001733,11964.97,False,False,False,70,ESCALATE
case_42_001734,2692.33,True,True,True,100,ALLOW
case_42_001735,7993.61,True,True,True,80,ALLOW
case_42_001736,9128.74,False,False,False,10,BLOCK
case_42_001737,8836.13,False,False,False,0,BLOCK
case_42_001738,1238.8,True,True,True,100,ALLOW
case_42_001739,13718.65,True,True,True,100,ALLOW
case_42_001740,2966.94,True,False,False,95,ALLOW
case_42_001741,23144.62,True,True,True,90,ALLOW
case_42_001742,3012.47,True,False,False,60,ALLOW
case_42_001743,10051.21,True,True,True,100,ALLOW
case_42_001744,60425.9,False,False,True,95,ESCALATE
case_42_001745,45502.67,True,True,True,70,ALLOW
case_42_001746,13073.82,True,False,False,90,ALLOW
case_42_001747,54760.28,False,False,True,95,ESCALATE
case_42_001748,578.75,False,False,False,20,BLOCK
case_42_001749,8481.13,True,True,True,100,ALLOW
case_42_001750,10983.35,False,False,False,55,BLOCK
case_42_001751,47461.08,True,False,False,80,ALLOW
case_42_001752,1191.52,True,True,True,100,ALLOW
case_42_001753,7800.32,True,True,True,100,ALLOW
case_42_001754,3179.71,True,True,True,80,ALLOW
case_42_001755,1936.16,True,True,True,100,ALLOW
case_42_001756,520.3,False,False,False,20,ESCALATE
case_42_001757,473.58,False,False,False,55,ESCALATE
case_42_001758,9717.56,True,False,False,95,ALLOW
case_42_001759,4857.52,True,True,True,85,ALLOW
case_42_001760,60419.63,False,False,False,90,ESCALATE
case_42_001761,10825.61,False,False,False,40,BLOCK
case_42_001762,12173.69,False,False,False,35,BLOCK
case_42_001763,11883.59,True,True,True,100,ALLOW
case_42_001764,5598.32,True,False,False,85,ALLOW
case_42_001765,2034.15,True,True,True,90,ALLOW
case_42_001766,1545.82,True,False,False,70,ALLOW
case_42_001767,2436.27,True,False,False,100,ALLOW
case_42_001768,7361.17,True,False,False,85,ALLOW
case_42_001769,2424.57,False,False,False,50,BLOCK
case_42_001770,11274.67,True,True,True,85,ALLOW
case_42_001771,21185.48,True,True,True,70,ALLOW
case_42_001772,7484.97,True,True,True,100,ALLOW
case_42_001773,47499.22,True,True,True,80,ALLOW
case_42_001774,861.1,True,True,True,100,ALLOW
case_42_001775,5193.2,True,True,True,100,ALLOW
case_42_001776,8941.15,True,False,False,85,ALLOW
case_42_001777,4160.55,True,True,True,100,ALLOW
case_42_001778,3924.13,True,True,True,85,ALLOW
case_42_001779,3426.25,True,True,True,100,ALLOW
case_42_001780,56639.55,False,False,True,90,ESCALATE
case_42_001781,61699.45,False,False,True,100,ESCALATE
case_42_001782,11288.76,True,True,True,100,ALLOW
case_42_001783,8797.64,True,True,True,100,ALLOW
case_42_001784,44625.08,True,False,False,95,ALLOW
case_42_001785,3178.15,True,False,False,90,ALLOW
case_42_001786,4005.31,True,True,True,100,ALLOW
case_42_001787,2247.77,True,True,True,95,ALLOW
case_42_001788,816.59,True,True,True,60,ALLOW
case_42_001789,9664.06,False,False,False,15,BLOCK
case_42_001790,42740.58,True,True,True,80,ALLOW
case_42_001791,4505.47,True,True,True,100,ALLOW
case_42_001792,19109.46,True,True,True,100,ALLOW
case_42_001793,10272.36,True,False,False,70,ALLOW
case_42_001794,62123.83,False,False,True,60,ESCALATE
case_42_001795,7834.84,True,True,True,100,ALLOW
case_42_001796,11787.88,True,True,True,90,ALLOW
case_42_001797,10987.83,True,False,False,70,ALLOW
case_42_001798,4539.05,True,True,True,100,ALLOW
case_42_001799,7232.65,True,True,True,60,ALLOW
case_42_001800,11586.77,True,True,True,85,ALLOW
case_42_001801,4537.03,True,True,True,100,ALLOW
case_42_001802,15513.17,False,False,True,60,ESCALATE
case_42_001803,3619.58,True,True,True,100,ALLOW
case_42_001804,34366.49,True,True,True,65,ALLOW
case_42_001805,776.42,False,False,False,40,ESCALATE
case_42_001806,8478.7,True,True,True,60,ALLOW
case_42_001807,480.46,False,False,False,50,BLOCK
case_42_001808,13813.01,True,True,True,100,ALLOW
case_42_001809,14058.13,True,False,False,100,ALLOW
case_42_001810,12214.23,True,True,True,100,ALLOW
case_42_001811,43183.28,False,False,True,35,ESCALATE
case_42_001812,2515.03,True,True,True,95,ALLOW
case_42_001813,10406.29,True,True,True,100,ALLOW
case_42_001814,1659.19,True,False,False,70,ALLOW
case_42_001815,2390.81,True,True,True,85,ALLOW
case_42_001816,3747.4,False,False,False,45,BLOCK
case_42_001817,42070.76,True,True,True,80,ALLOW
case_42_001818,662.49,True,True,True,100,ALLOW
case_42_001819,1751.61,False,False,False,35,ESCALATE
case_42_001820,10862.62,True,True,True,100,ALLOW
case_42_001821,9605.53,True,False,False,100,ALLOW
case_42_001822,2882.53,True,True,True,65,ALLOW
case_42_001823,52580.33,False,False,True,95,ESCALATE
case_42_001824,6719.02,True,True,True,100,ALLOW
case_42_001825,901.04,True,False,False,85,ALLOW
case_42_001826,9797.65,False,False,False,40,BLOCK
case_42_001827,11575.92,True,False,False,100,ALLOW
case_42_001828,18205.6,True,True,True,100,ALLOW
case_42_001829,13689.59,True,False,False,60,ALLOW
case_42_001830,3721.58,True,False,False,90,ALLOW
case_42_001831,1287.03,True,True,True,100,ALLOW
case_42_001832,4014.09,True,True,True,100,ALLOW
case_42_001833,13659.13,True,False,False,100,ALLOW
case_42_001834,2091.48,True,True,True,90,ALLOW
case_42_001835,64597.78,False,False,False,65,ESCALATE
case_42_001836,1813.0,True,True,True,100,ALLOW
case_42_001837,14046.72,True,True,True,100,ALLOW
case_42_001838,2732.54,True,True,True,95,ALLOW
case_42_001839,11435.3,True,True,True,80,ALLOW
case_42_001840,10903.57,True,False,False,60,ALLOW
case_42_001841,637.77,True,True,True,100,ALLOW
case_42_001842,44665.34,True,False,False,70,ALLOW
case_42_001843,6399.32,False,False,False,55,BLOCK
case_42_001844,12282.63,True,True,True,100,ALLOW
case_42_001845,9667.57,True,True,True,100,ALLOW
case_42_001846,6999.67,False,False,False,55,BLOCK
case_42_001847,5490.92,True,True,True,85,ALLOW
case_42_001848,2590.77,False,False,False,45,BLOCK
case_42_001849,13768.41,True,True,True,100,ALLOW
case_42_001850,344.44,True,True,True,85,ALLOW
case_42_001851,5268.41,True,True,True,100,ALLOW
case_42_001852,8515.11,True,False,False,80,ALLOW
case_42_001853,4145.75,True,False,False,75,ALLOW
case_42_001854,13397.58,True,True,True,100,ALLOW
case_42_001855,4142.97,True,False,False,65,ALLOW
case_42_001856,13163.63,True,True,True,100,ALLOW
case_42_001857,9855.61,True,True,True,100,ALLOW
case_42_001858,22367.71,True,True,True,70,ALLOW
case_42_001859,29536.3,True,False,False,70,ALLOW
case_42_001860,4495.98,True,True,True,95,ALLOW
case_42_001861,44908.43,False,False,False,35,BLOCK
case_42_001862,4396.89,True,False,False,100,ALLOW
case_42_001863,3578.94,True,True,True,100,ALLOW
case_42_001864,4210.15,False,False,False,45,BLOCK
case_42_001865,5019.1,True,True,True,85,ALLOW
case_42_001866,3714.05,True,True,True,95,ALLOW
case_42_001867,9494.32,True,True,True,80,ALLOW
case_42_001868,5494.33,True,True,True,100,ALLOW
case_42_001869,3852.62,True,False,False,100,ALLOW
case_42_001870,1976.41,True,True,True,100,ALLOW
case_42_001871,3199.39,True,False,False,70,ALLOW
case_42_001872,3874.82,True,True,True,100,ALLOW
case_42_001873,6811.72,True,True,True,80,ALLOW
case_42_001874,2603.48,False,False,False,35,BLOCK
case_42_001875,3613.61,True,True,True,80,ALLOW
case_42_001876,8982.69,True,False,False,100,ALLOW
case_42_001877,466.19,True,True,True,100,ALLOW
case_42_001878,3469.22,True,True,True,100,ALLOW
case_42_001879,9550.29,True,True,True,90,ALLOW
case_42_001880,7873.62,True,True,True,100,ALLOW
case_42_001881,7515.89,True,True,True,80,ALLOW
case_42_001882,2912.7,True,False,False,85,ALLOW
case_42_001883,6585.84,True,True,True,100,ALLOW
case_42_001884,9015.59,False,False,False,55,BLOCK
case_42_001885,9523.54,True,False,False,60,ALLOW
case_42_001886,4176.49,False,False,False,55,BLOCK
case_42_001887,8499.99,True,True,True,100,ALLOW
case_42_001888,3079.99,True,True,True,80,ALLOW
case_42_001889,3555.78,True,True,True,100,ALLOW
case_42_001890,910.33,True,True,True,100,ALLOW
case_42_001891,12495.36,True,True,True,75,ALLOW
case_42_001892,10656.09,True,False,False,85,ALLOW
case_42_001893,4702.03,False,False,False,45,BLOCK
case_42_001894,4247.49,True,False,False,100,ALLOW
case_42_001895,3862.24,True,False,False,100,ALLOW
case_42_001896,2645.58,True,False,False,85,ALLOW
case_42_001897,13965.7,True,True,True,85,ALLOW
case_42_001898,3117.72,True,True,True,100,ALLOW
case_42_001899,13637.15,True,True,True,90,ALLOW
case_42_001900,2152.93,True,True,True,75,ALLOW
case_42_001901,14047.47,True,False,False,70,ALLOW
case_42_001902,1739.55,True,False,False,65,ALLOW
case_42_001903,15027.3,False,False,False,55,ESCALATE
case_42_001904,54783.37,False,False,True,50,ESCALATE
case_42_001905,8295.33,True,True,True,100,ALLOW
case_42_001906,1577.84,True,True,True,80,ALLOW
case_42_001907,19001.08,False,False,False,45,BLOCK
case_42_001908,1050.86,True,True,True,100,ALLOW
case_42_001909,7352.73,True,True,True,100,ALLOW
case_42_001910,3574.29,True,True,True,100,ALLOW
case_42_001911,3677.94,True,False,False,100,ALLOW
case_42_001912,3883.32,True,True,True,100,ALLOW
case_42_001913,2701.06,True,True,True,90,ALLOW
case_42_001914,10527.96,True,True,True,100,ALLOW
case_42_001915,1921.76,True,True,True,85,ALLOW
case_42_001916,3890.74,True,False,False,65,ALLOW
case_42_001917,720.86,True,True,True,100,ALLOW
case_42_001918,22471.49,False,False,False,40,ESCALATE
case_42_001919,62971.54,False,False,True,85,ESCALATE
case_42_001920,61048.39,False,False,True,100,ESCALATE
case_42_001921,3596.56,True,False,False,75,ALLOW
case_42_001922,1793.85,True,True,True,80,ALLOW
case_42_001923,9970.09,True,False,False,100,ALLOW
case_42_001924,8520.65,True,True,True,95,ALLOW
case_42_001925,17731.58,False,False,False,55,ESCALATE
case_42_001926,13307.91,True,False,False,90,ALLOW
case_42_001927,3671.41,True,True,True,90,ALLOW
case_42_001928,11080.7,False,False,False,0,ESCALATE
case_42_001929,3162.15,True,True,True,100,ALLOW
case_42_001930,2883.38,True,True,True,95,ALLOW
case_42_001931,7891.68,False,False,True,35,ESCALATE
case_42_001932,6399.74,False,False,False,45,BLOCK
case_42_001933,2644.92,True,True,True,80,ALLOW
case_42_001934,12626.36,True,False,False,95,ALLOW
case_42_001935,9065.64,True,False,False,100,ALLOW
case_42_001936,61739.76,False,False,True,70,ESCALATE
case_42_001937,12435.05,False,False,True,80,ESCALATE
case_42_001938,26145.42,True,False,False,60,ALLOW
case_42_001939,25615.62,False,False,False,45,BLOCK
case_42_001940,5110.54,True,False,False,90,ALLOW
case_42_001941,32620.72,True,True,True,100,ALLOW
case_42_001942,47256.94,True,True,True,70,ALLOW
case_42_001943,8010.36,True,True,True,100,ALLOW
case_42_001944,4487.48,False,False,True,80,ESCALATE
case_42_001945,10426.04,True,False,False,60,ALLOW
case_42_001946,30662.22,True,True,True,95,ALLOW
case_42_001947,8290.83,False,False,False,30,BLOCK
case_42_001948,43747.36,True,True,True,100,ALLOW
case_42_001949,4417.05,False,False,False,30,ESCALATE
case_42_001950,25411.31,True,True,True,100,ALLOW
case_42_001951,1364.69,True,False,False,95,ALLOW
case_42_001952,4796.28,True,False,False,100,ALLOW
case_42_001953,14329.25,True,True,True,100,ALLOW
case_42_001954,62514.38,False,False,False,60,ESCALATE
case_42_001955,1018.4,True,True,True,100,ALLOW
case_42_001956,5417.38,True,True,True,100,ALLOW
case_42_001957,13817.17,True,True,True,100,ALLOW
case_42_001958,4664.53,False,False,False,60,ESCALATE
case_42_001959,4042.34,True,False,False,90,ALLOW
case_42_001960,8005.76,False,False,False,40,BLOCK
case_42_001961,9042.33,False,False,False,40,BLOCK
case_42_001962,3254.3,True,False,False,100,ALLOW
case_42_001963,12209.34,True,True,True,90,ALLOW
case_42_001964,3444.9,True,True,True,80,ALLOW
case_42_001965,1640.16,True,False,False,80,ALLOW
case_42_001966,8712.09,True,True,True,90,ALLOW
case_42_001967,14211.0,False,False,False,35,BLOCK
case_42_001968,43835.12,True,True,True,100,ALLOW
case_42_001969,33287.51,True,True,True,65,ALLOW
case_42_001970,2169.76,True,False,False,85,ALLOW
case_42_001971,9738.66,True,True,True,100,ALLOW
case_42_001972,59281.21,False,False,False,85,ESCALATE
case_42_001973,1691.5,True,True,True,65,ALLOW
case_42_001974,62948.5,False,False,True,100,ESCALATE
case_42_001975,22796.15,True,True,True,70,ALLOW
case_42_001976,4696.8,False,False,False,15,BLOCK
case_42_001977,1748.34,False,False,True,30,ESCALATE
case_42_001978,20402.38,True,False,False,65,ALLOW
case_42_001979,40939.58,True,True,True,100,ALLOW
case_42_001980,26034.39,False,False,False,55,ESCALATE
case_42_001981,11824.44,True,True,True,100,ALLOW
case_42_001982,2544.01,True,True,True,95,ALLOW
case_42_001983,13387.12,False,False,False,55,BLOCK
case_42_001984,8816.23,True,False,False,80,ALLOW
case_42_001985,4452.08,True,False,False,70,ALLOW
case_42_001986,1976.82,True,False,False,95,ALLOW
case_42_001987,7748.9,False,False,False,45,BLOCK
case_42_001988,371.76,True,True,True,100,ALLOW
case_42_001989,1077.41,True,False,False,100,ALLOW
case_42_001990,7071.94,True,True,True,100,ALLOW
case_42_001991,3569.83,False,False,False,55,BLOCK
case_42_001992,8051.35,True,True,True,85,ALLOW
case_42_001993,3422.65,True,True,True,70,ALLOW
case_42_001994,12345.17,True,True,True,70,ALLOW
case_42_001995,32456.67,True,True,True,90,ALLOW
case_42_001996,7523.85,True,True,True,60,ALLOW
case_42_001997,4875.74,True,False,False,85,ALLOW
case_42_001998,3477.75,True,True,True,100,ALLOW
case_42_001999,2513.19,True,False,False,75,ALLOW
case_42_002000,8694.97,False,False,False,50,BLOCK
case_42_002001,4343.2,False,False,False,60,ESCALATE
case_42_002002,18509.93,True,True,True,100,ALLOW
case_42_002003,53954.74,False,False,True,75,ESCALATE
case_42_002004,1131.37,True,True,True,90,ALLOW
case_42_002005,17114.85,True,False,False,90,ALLOW
case_42_002006,1003.23,True,True,True,80,ALLOW
case_42_002007,3842.37,True,False,False,100,ALLOW
case_42_002008,7080.09,True,False,False,80,ALLOW
case_42_002009,4170.32,True,True,True,100,ALLOW
case_42_002010,50951.63,False,False,True,65,ESCALATE
case_42_002011,56133.22,False,False,True,80,ESCALATE
case_42_002012,2739.96,False,False,False,55,BLOCK
case_42_002013,1054.98,True,True,True,75,ALLOW
case_42_002014,10982.01,False,False,False,25,BLOCK
case_42_002015,8783.41,True,False,False,65,ALLOW
case_42_002016,3621.75,True,False,False,85,ALLOW
case_42_002017,1516.0,True,True,True,100,ALLOW
case_42_002018,13867.92,True,True,True,100,ALLOW
case_42_002019,1120.14,True,True,True,90,ALLOW
case_42_002020,9117.44,True,True,True,100,ALLOW
case_42_002021,1733.26,True,False,False,85,ALLOW
case_42_002022,13074.63,True,True,True,100,ALLOW
case_42_002023,918.43,True,True,True,80,ALLOW
case_42_002024,3314.46,True,True,True,100,ALLOW
case_42_002025,3024.59,True,True,True,100,ALLOW
case_42_002026,4492.97,True,True,True,60,ALLOW
case_42_002027,9742.62,True,True,True,85,ALLOW
case_42_002028,6105.77,True,True,True,100,ALLOW
case_42_002029,11712.93,True,False,False,100,ALLOW
case_42_002030,3848.41,True,False,False,80,ALLOW
case_42_002031,5645.47,True,False,False,90,ALLOW
case_42_002032,31126.9,True,True,True,70,ALLOW
case_42_002033,12950.55,True,True,True,100,ALLOW
case_42_002034,360.5,True,True,True,85,ALLOW
case_42_002035,4433.52,True,False,False,80,ALLOW
case_42_002036,1342.2,True,True,True,100,ALLOW
case_42_002037,13337.83,False,False,False,45,ESCALATE
case_42_002038,2099.88,True,False,False,90,ALLOW
case_42_002039,8588.43,True,True,True,100,ALLOW
case_42_002040,4723.67,False,False,False,25,BLOCK
case_42_002041,4524.11,False,False,True,55,BLOCK
case_42_002042,10060.4,False,False,False,35,BLOCK
case_42_002043,1615.43,True,True,True,70,ALLOW
case_42_002044,1757.05,True,True,True,100,ALLOW
case_42_002045,4965.91,True,True,True,100,ALLOW
case_42_002046,11391.12,True,True,True,90,ALLOW
case_42_002047,3748.44,False,False,False,40,BLOCK
case_42_002048,5568.38,True,True,True,85,ALLOW
case_42_002049,12357.98,True,True,True,100,ALLOW
case_42_002050,2720.22,True,True,True,100,ALLOW
case_42_002051,9973.73,True,True,True,90,ALLOW
case_42_002052,12018.76,True,False,False,60,ALLOW
case_42_002053,13698.97,True,True,True,95,ALLOW
case_42_002054,9947.56,True,False,False,75,ALLOW
case_42_002055,4347.41,True,True,True,100,ALLOW
case_42_002056,3978.41,True,True,True,85,ALLOW
case_42_002057,5155.72,True,False,False,100,ALLOW
case_42_002058,12008.4,True,True,True,100,ALLOW
case_42_002059,51088.52,False,False,False,55,ESCALATE
case_42_002060,921.23,True,False,False,70,ALLOW
case_42_002061,11442.95,False,False,True,65,ESCALATE
case_42_002062,46541.46,False,False,False,35,BLOCK
case_42_002063,10247.75,True,True,True,75,ALLOW
case_42_002064,13387.46,True,True,True,100,ALLOW
case_42_002065,10430.52,True,False,False,80,ALLOW
case_42_002066,4753.05,True,True,True,95,ALLOW
case_42_002067,1829.9,True,True,True,85,ALLOW
case_42_002068,50322.45,False,False,True,80,ESCALATE
case_42_002069,2951.4,True,True,True,85,ALLOW
case_42_002070,9038.68,False,False,False,15,BLOCK
case_42_002071,41112.37,True,True,True,70,ALLOW
case_42_002072,2102.96,True,True,True,100,ALLOW
case_42_002073,12760.19,False,False,False,55,BLOCK
case_42_002074,56019.5,False,False,True,95,ESCALATE
case_42_002075,7570.05,False,False,False,45,BLOCK
case_42_002076,2932.32,True,False,False,80,ALLOW
case_42_002077,840.21,True,False,False,80,ALLOW
case_42_002078,9962.49,True,False,False,70,ALLOW
case_42_002079,61035.45,False,False,True,90,ESCALATE
case_42_002080,4732.37,True,True,True,100,ALLOW
case_42_002081,1510.0,False,False,True,50,BLOCK
case_42_002082,4825.95,False,False,False,30,ESCALATE
case_42_002083,1393.82,True,True,True,75,ALLOW
case_42_002084,13707.91,True,True,True,100,ALLOW
case_42_002085,31241.9,False,False,False,30,ESCALATE
case_42_002086,13867.11,True,True,True,100,ALLOW
case_42_002087,13608.41,True,False,False,85,ALLOW
case_42_002088,41515.3,False,False,True,50,BLOCK
case_42_002089,7706.97,False,False,False,55,BLOCK
case_42_002090,5414.4,True,True,True,95,ALLOW
case_42_002091,3014.05,True,True,True,95,ALLOW
case_42_002092,319.89,True,False,False,80,ALLOW
case_42_002093,3865.84,False,False,False,30,ESCALATE
case_42_002094,831.94,True,True,True,100,ALLOW
case_42_002095,9877.56,False,False,False,45,ESCALATE
case_42_002096,4663.29,True,False,False,80,ALLOW
case_42_002097,13751.32,False,False,False,85,ESCALATE
case_42_002098,44994.99,True,False,False,65,ALLOW
case_42_002099,33568.48,True,False,False,70,ALLOW
case_42_002100,4109.81,True,True,True,100,ALLOW
case_42_002101,2121.17,True,True,True,100,ALLOW
case_42_002102,3831.4,True,True,True,100,ALLOW
case_42_002103,3968.4,False,False,False,40,BLOCK
case_42_002104,11636.5,True,False,False,95,ALLOW
case_42_002105,47434.21,True,True,True,90,ALLOW
case_42_002106,6144.64,True,False,False,100,ALLOW
case_42_002107,3962.74,True,False,False,100,ALLOW
case_42_002108,5026.23,True,True,True,80,ALLOW
case_42_002109,12176.36,True,False,False,95,ALLOW
case_42_002110,1543.31,True,True,True,95,ALLOW
case_42_002111,11473.34,True,False,False,65,ALLOW
case_42_002112,10513.85,True,True,True,100,ALLOW
case_42_002113,2267.98,True,True,True,80,ALLOW
case_42_002114,4385.47,True,True,True,90,ALLOW
case_42_002115,4705.72,True,False,False,75,ALLOW
case_42_002116,24082.41,True,True,True,100,ALLOW
case_42_002117,511.71,True,True,True,100,ALLOW
case_42_002118,3566.12,True,True,True,100,ALLOW
case_42_002119,13961.54,True,True,True,100,ALLOW
case_42_002120,2454.57,False,False,True,70,ESCALATE
case_42_002121,3464.05,True,True,True,100,ALLOW
case_42_002122,8721.81,True,True,True,100,ALLOW
case_42_002123,4031.56,True,True,True,100,ALLOW
case_42_002124,4168.11,True,True,True,95,ALLOW
case_42_002125,5906.56,True,False,False,65,ALLOW
case_42_002126,4506.45,True,False,False,100,ALLOW
case_42_002127,13424.01,True,True,True,100,ALLOW
case_42_002128,2805.77,True,True,True,100,ALLOW
case_42_002129,9680.26,True,False,False,90,ALLOW
case_42_002130,10415.77,True,False,False,100,ALLOW
case_42_002131,2190.0,True,True,True,100,ALLOW
case_42_002132,1185.33,True,True,True,90,ALLOW
case_42_002133,2285.49,True,True,True,70,ALLOW
case_42_002134,6009.19,True,True,True,100,ALLOW
case_42_002135,1989.19,True,True,True,100,ALLOW
case_42_002136,11059.42,False,False,False,15,BLOCK
case_42_002137,5404.48,True,True,True,80,ALLOW
case_42_002138,48668.53,False,False,False,45,ESCALATE
case_42_002139,53673.47,False,False,True,85,ESCALATE
case_42_002140,4644.64,True,True,True,100,ALLOW
case_42_002141,479.63,False,False,False,10,ESCALATE
case_42_002142,9218.61,True,True,True,100,ALLOW
case_42_002143,933.11,True,True,True,100,ALLOW
case_42_002144,3777.43,True,False,False,100,ALLOW
case_42_002145,3327.01,True,True,True,85,ALLOW
case_42_002146,9421.57,False,False,True,85,ESCALATE
case_42_002147,7122.45,True,False,False,85,ALLOW
case_42_002148,2092.92,False,False,False,0,BLOCK
case_42_002149,3889.07,True,True,True,100,ALLOW
case_42_002150,5367.65,True,True,True,90,ALLOW
case_42_002151,6963.22,True,True,True,100,ALLOW
case_42_002152,6138.79,False,False,True,55,BLOCK
case_42_002153,2422.66,False,False,False,60,ESCALATE
case_42_002154,8966.1,True,True,True,100,ALLOW
case_42_002155,5594.92,True,True,True,90,ALLOW
case_42_002156,2957.15,True,False,False,90,ALLOW
case_42_002157,4201.61,True,True,True,100,ALLOW
case_42_002158,14340.23,False,False,False,50,ESCALATE
case_42_002159,4302.77,False,False,False,65,ESCALATE
case_42_002160,2326.13,True,True,True,100,ALLOW
case_42_002161,14336.85,True,True,True,100,ALLOW
case_42_002162,410.26,True,False,False,80,ALLOW
case_42_002163,3352.22,True,True,True,95,ALLOW
case_42_002164,676.53,False,False,False,25,BLOCK
case_42_002165,2546.68,True,True,True,85,ALLOW
case_42_002166,22521.64,False,False,True,45,ESCALATE
case_42_002167,620.81,False,False,False,50,BLOCK
case_42_002168,5349.38,True,True,True,100,ALLOW
case_42_002169,2044.66,True,True,True,95,ALLOW
case_42_002170,3753.66,True,True,True,90,ALLOW
case_42_002171,12844.45,True,True,True,80,ALLOW
case_42_002172,35110.93,True,True,True,100,ALLOW
case_42_002173,8346.15,True,False,False,75,ALLOW
case_42_002174,1748.41,True,False,False,85,ALLOW
case_42_002175,4721.66,False,False,False,60,ESCALATE
case_42_002176,14174.44,True,True,True,100,ALLOW
case_42_002177,10144.84,False,False,False,40,BLOCK
case_42_002178,4974.96,True,False,False,60,ALLOW
case_42_002179,6653.61,True,True,True,100,ALLOW
case_42_002180,10893.43,True,True,True,95,ALLOW
case_42_002181,6491.34,False,False,False,55,BLOCK
case_42_002182,53499.05,False,False,True,100,ESCALATE
case_42_002183,9218.36,True,True,True,100,ALLOW
case_42_002184,9537.57,False,False,False,75,ESCALATE
case_42_002185,48724.64,True,True,True,95,ALLOW
case_42_002186,7287.21,True,True,True,90,ALLOW
case_42_002187,4231.7,True,True,True,95,ALLOW
case_42_002188,10758.7,True,True,True,100,ALLOW
case_42_002189,47059.13,True,True,True,90,ALLOW
case_42_002190,50078.98,False,False,False,75,ESCALATE
case_42_002191,8139.67,False,False,False,45,BLOCK
case_42_002192,832.9,True,True,True,85,ALLOW
case_42_002193,37148.71,True,False,False,75,ALLOW
case_42_002194,2508.73,True,False,False,65,ALLOW
case_42_002195,33208.77,False,False,True,25,BLOCK
case_42_002196,3144.57,True,True,True,65,ALLOW
case_42_002197,8322.37,True,True,True,100,ALLOW
case_42_002198,25747.71,False,False,False,45,ESCALATE
case_42_002199,19311.77,True,True,True,100,ALLOW
case_42_002200,12918.44,True,True,True,100,ALLOW
case_42_002201,5294.99,False,False,False,5,ESCALATE
case_42_002202,54421.0,False,False,True,95,ESCALATE
case_42_002203,7976.85,True,True,True,100,ALLOW
case_42_002204,10738.71,True,False,False,100,ALLOW
case_42_002205,1650.39,True,False,False,90,ALLOW
case_42_002206,2399.54,True,True,True,100,ALLOW
case_42_002207,6137.58,True,True,True,80,ALLOW
case_42_002208,4567.37,True,True,True,90,ALLOW
case_42_002209,20991.82,False,False,False,45,BLOCK
case_42_002210,4816.89,True,False,False,100,ALLOW
case_42_002211,5252.0,True,True,True,95,ALLOW
case_42_002212,9895.53,True,False,False,95,ALLOW
case_42_002213,13883.1,True,True,True,95,ALLOW
case_42_002214,14225.03,True,True,True,100,ALLOW
case_42_002215,35828.66,True,True,True,75,ALLOW
case_42_002216,5066.52,False,False,True,75,ESCALATE
case_42_002217,29482.97,True,True,True,100,ALLOW
case_42_002218,29739.35,True,False,False,75,ALLOW
case_42_002219,717.07,False,False,False,55,BLOCK
case_42_002220,585.96,False,False,True,50,ESCALATE
case_42_002221,7754.44,True,True,True,100,ALLOW
case_42_002222,11106.18,True,True,True,100,ALLOW
case_42_002223,9165.39,True,True,True,100,ALLOW
case_42_002224,8179.83,True,True,True,100,ALLOW
case_42_002225,679.38,True,True,True,95,ALLOW
case_42_002226,8634.3,True,True,True,100,ALLOW
case_42_002227,9972.07,True,True,True,100,ALLOW
case_42_002228,1659.09,True,True,True,90,ALLOW
case_42_002229,13401.66,True,True,True,100,ALLOW
case_42_002230,1452.43,False,False,True,55,BLOCK
case_42_002231,3328.44,True,True,True,100,ALLOW
case_42_002232,3317.9,True,True,True,100,ALLOW
case_42_002233,3187.84,True,True,True,100,ALLOW
case_42_002234,5832.34,True,True,True,95,ALLOW
case_42_002235,2603.99,True,False,False,60,ALLOW
case_42_002236,13263.84,True,True,True,85,ALLOW
case_42_002237,28304.05,False,False,False,35,ESCALATE
case_42_002238,2362.36,True,True,True,100,ALLOW
case_42_002239,2427.3,False,False,False,45,BLOCK
case_42_002240,13836.64,True,False,False,100,ALLOW
case_42_002241,15255.06,True,True,True,85,ALLOW
case_42_002242,2436.69,True,True,True,100,ALLOW
case_42_002243,3267.07,True,True,True,85,ALLOW
case_42_002244,5348.46,True,False,False,75,ALLOW
case_42_002245,8001.21,True,True,True,100,ALLOW
case_42_002246,3410.1,False,False,False,50,BLOCK
case_42_002247,59518.65,False,False,True,100,ESCALATE
case_42_002248,5372.05,True,True,True,80,ALLOW
case_42_002249,17373.52,True,True,True,80,ALLOW
case_42_002250,11224.67,True,True,True,95,ALLOW
case_42_002251,10632.71,True,True,True,95,ALLOW
case_42_002252,1293.03,True,True,True,100,ALLOW
case_42_002253,5037.41,True,True,True,100,ALLOW
case_42_002254,11901.4,True,True,True,70,ALLOW
case_42_002255,13915.17,True,False,False,85,ALLOW
case_42_002256,10734.9,True,False,False,60,ALLOW
case_42_002257,2683.37,True,False,False,75,ALLOW
case_42_002258,2440.6,False,False,False,5,BLOCK
case_42_002259,1475.1,True,True,True,100,ALLOW
case_42_002260,41725.66,True,True,True,80,ALLOW
case_42_002261,4142.62,True,False,False,100,ALLOW
case_42_002262,1556.01,False,False,False,55,BLOCK
case_42_002263,9716.01,False,False,False,50,BLOCK
case_42_002264,6447.34,True,True,True,70,ALLOW
case_42_002265,2945.58,True,False,False,70,ALLOW
case_42_002266,515.48,True,True,True,90,ALLOW
case_42_002267,18576.13,True,True,True,100,ALLOW
case_42_002268,1934.78,True,False,False,100,ALLOW
case_42_002269,9358.62,True,True,True,100,ALLOW
case_42_002270,60269.83,False,False,True,100,ESCALATE
case_42_002271,3232.5,True,True,True,85,ALLOW
case_42_002272,1623.27,True,False,False,70,ALLOW
case_42_002273,22858.59,True,False,False,65,ALLOW
case_42_002274,31475.45,True,True,True,75,ALLOW
case_42_002275,3690.51,True,True,True,95,ALLOW
case_42_002276,997.6,True,True,True,100,ALLOW
case_42_002277,475.56,True,True,True,90,ALLOW
case_42_002278,13668.16,True,True,True,95,ALLOW
case_42_002279,3206.28,True,False,False,75,ALLOW
case_42_002280,13934.53,True,True,True,100,ALLOW
case_42_002281,3099.27,True,False,False,100,ALLOW
case_42_002282,13283.07,True,True,True,60,ALLOW
case_42_002283,682.51,True,True,True,95,ALLOW
case_42_002284,34485.57,True,False,False,65,ALLOW
case_42_002285,59519.99,False,False,True,60,ESCALATE
case_42_002286,2518.44,True,True,True,85,ALLOW
case_42_002287,14041.73,True,True,True,100,ALLOW
case_42_002288,1792.02,True,True,True,100,ALLOW
case_42_002289,31840.52,True,True,True,95,ALLOW
case_42_002290,9479.15,True,True,True,85,ALLOW
case_42_002291,8521.57,True,True,True,100,ALLOW
case_42_002292,3138.25,True,True,True,100,ALLOW
case_42_002293,60905.49,False,False,True,95,ESCALATE
case_42_002294,949.8,True,True,True,70,ALLOW
case_42_002295,3180.16,False,False,True,50,BLOCK
case_42_002296,43182.49,True,True,True,100,ALLOW
case_42_002297,11498.28,True,False,False,95,ALLOW
case_42_002298,30584.26,True,False,False,65,ALLOW
case_42_002299,2692.37,True,False,False,75,ALLOW
case_42_002300,4251.4,True,True,True,100,ALLOW
case_42_002301,6398.18,True,True,True,100,ALLOW
case_42_002302,3571.92,True,True,True,85,ALLOW
case_42_002303,4630.68,True,True,True,85,ALLOW
case_42_002304,3602.63,True,False,False,80,ALLOW
case_42_002305,3064.25,True,False,False,95,ALLOW
case_42_002306,1095.58,True,True,True,70,ALLOW
case_42_002307,11863.0,True,True,True,100,ALLOW
case_42_002308,7711.7,True,True,True,90,ALLOW
case_42_002309,29577.4,True,True,True,90,ALLOW
case_42_002310,480.19,True,False,False,70,ALLOW
case_42_002311,1394.8,True,True,True,90,ALLOW
case_42_002312,9463.88,True,True,True,100,ALLOW
case_42_002313,622.1,False,False,False,55,BLOCK
case_42_002314,10604.28,True,False,False,60,ALLOW
case_42_002315,26007.59,True,False,False,70,ALLOW
case_42_002316,22830.13,True,True,True,95,ALLOW
case_42_002317,3114.63,False,False,False,75,ESCALATE
case_42_002318,51657.19,False,False,False,45,ESCALATE
case_42_002319,10627.99,True,True,True,85,ALLOW
case_42_002320,45434.36,True,False,False,60,ALLOW
case_42_002321,46083.42,True,False,False,70,ALLOW
case_42_002322,822.98,True,True,True,85,ALLOW
case_42_002323,13808.84,False,False,False,50,BLOCK
case_42_002324,588.14,True,False,False,75,ALLOW
case_42_002325,12533.13,True,True,True,65,ALLOW
case_42_002326,3871.99,True,True,True,100,ALLOW
case_42_002327,38958.81,True,True,True,70,ALLOW
case_42_002328,10909.16,True,False,False,85,ALLOW
case_42_002329,42165.46,True,True,True,80,ALLOW
case_42_002330,11426.77,False,False,False,65,ESCALATE
case_42_002331,793.76,False,False,False,30,BLOCK
case_42_002332,5215.94,True,False,False,80,ALLOW
case_42_002333,3154.37,True,True,True,100,ALLOW
case_42_002334,2114.92,True,True,True,95,ALLOW
case_42_002335,10120.5,False,False,False,55,BLOCK
case_42_002336,2836.8,True,True,True,100,ALLOW
case_42_002337,12245.82,True,True,True,100,ALLOW
case_42_002338,426.38,True,False,False,70,ALLOW
case_42_002339,3449.37,True,True,True,85,ALLOW
case_42_002340,2406.56,True,False,False,80,ALLOW
case_42_002341,32382.15,True,False,False,95,ALLOW
case_42_002342,7726.87,True,False,False,100,ALLOW
case_42_002343,5397.71,True,False,False,70,ALLOW
case_42_002344,3549.27,False,False,False,60,ESCALATE
case_42_002345,62157.21,False,False,True,85,ESCALATE
case_42_002346,3011.43,True,True,True,100,ALLOW
case_42_002347,3350.15,False,False,False,75,ESCALATE
case_42_002348,46637.78,True,False,False,75,ALLOW
case_42_002349,2029.0,True,True,True,100,ALLOW
case_42_002350,55858.68,False,False,False,45,ESCALATE
case_42_002351,3153.39,True,True,True,100,ALLOW
case_42_002352,4662.21,True,True,True,90,ALLOW
case_42_002353,12274.45,True,True,True,100,ALLOW
case_42_002354,42078.78,True,True,True,65,ALLOW
case_42_002355,1576.6,True,False,False,95,ALLOW
case_42_002356,5187.21,True,False,False,60,ALLOW
case_42_002357,47482.38,False,False,True,40,BLOCK
case_42_002358,41757.94,True,True,True,90,ALLOW
case_42_002359,2622.69,True,False,False,85,ALLOW
case_42_002360,4007.56,True,True,True,70,ALLOW
case_42_002361,56165.9,False,False,False,40,ESCALATE
case_42_002362,9161.33,False,False,True,75,ESCALATE
case_42_002363,14271.16,False,False,False,35,BLOCK
case_42_002364,1481.3,True,True,True,100,ALLOW
case_42_002365,12040.07,True,True,True,95,ALLOW
case_42_002366,51838.9,False,False,False,20,ESCALATE
case_42_002367,4707.65,False,False,True,15,BLOCK
case_42_002368,7963.53,False,False,True,90,ESCALATE
case_42_002369,4794.14,True,True,True,80,ALLOW
case_42_002370,12768.06,True,True,True,85,ALLOW
case_42_002371,2751.36,False,False,False,45,ESCALATE
case_42_002372,1015.12,True,True,True,100,ALLOW
case_42_002373,64402.1,False,False,True,80,ESCALATE
case_42_002374,2926.79,True,True,True,80,ALLOW
case_42_002375,1752.22,True,True,True,60,ALLOW
case_42_002376,625.98,False,False,False,20,BLOCK
case_42_002377,5785.6,False,False,True,75,ESCALATE
case_42_002378,2543.62,True,False,False,100,ALLOW
case_42_002379,1513.96,True,True,True,85,ALLOW
case_42_002380,2147.26,True,True,True,100,ALLOW
case_42_002381,9632.33,True,True,True,100,ALLOW
case_42_002382,31260.24,True,False,False,85,ALLOW
case_42_002383,52773.29,False,False,True,90,ESCALATE
case_42_002384,9755.73,False,False,False,55,BLOCK
case_42_002385,10123.49,True,True,True,100,ALLOW
case_42_002386,4790.98,True,True,True,100,ALLOW
case_42_002387,12861.98,True,True,True,100,ALLOW
case_42_002388,43908.92,False,False,False,45,BLOCK
case_42_002389,7489.4,True,False,False,85,ALLOW
case_42_002390,9431.09,True,True,True,75,ALLOW
case_42_002391,3558.27,True,True,True,100,ALLOW
case_42_002392,1186.83,True,True,True,100,ALLOW
case_42_002393,4674.49,True,True,True,100,ALLOW
case_42_002394,14266.5,True,True,True,100,ALLOW
case_42_002395,1321.39,True,False,False,100,ALLOW
case_42_002396,12321.66,True,True,True,100,ALLOW
case_42_002397,30862.99,False,False,False,60,ESCALATE
case_42_002398,7946.83,True,True,True,100,ALLOW
case_42_002399,12606.84,False,False,False,50,BLOCK
case_42_002400,2341.9,True,True,True,100,ALLOW
case_42_002401,14469.94,True,True,True,100,ALLOW
case_42_002402,12978.61,True,True,True,100,ALLOW
case_42_002403,2269.74,True,True,True,85,ALLOW
case_42_002404,2271.11,True,True,True,95,ALLOW
case_42_002405,10297.08,True,False,False,80,ALLOW
case_42_002406,1848.7,True,True,True,70,ALLOW
case_42_002407,3357.85,True,True,True,100,ALLOW
case_42_002408,3532.51,True,True,True,100,ALLOW
case_42_002409,4425.31,True,False,False,60,ALLOW
case_42_002410,7787.37,True,False,False,85,ALLOW
case_42_002411,42482.53,True,True,True,95,ALLOW
case_42_002412,541.09,True,True,True,100,ALLOW
case_42_002413,10332.17,True,True,True,100,ALLOW
case_42_002414,2976.86,True,True,True,100,ALLOW
case_42_002415,6404.69,True,True,True,80,ALLOW
case_42_002416,1857.99,True,True,True,100,ALLOW
case_42_002417,3813.92,True,True,True,90,ALLOW
case_42_002418,10906.82,True,True,True,100,ALLOW
case_42_002419,3676.54,True,True,True,100,ALLOW
case_42_002420,3882.42,True,True,True,100,ALLOW
case_42_002421,6899.37,True,True,True,100,ALLOW
case_42_002422,3670.89,True,True,True,100,ALLOW
case_42_002423,526.59,False,False,False,60,ESCALATE
case_42_002424,1111.37,False,False,True,55,BLOCK
case_42_002425,1935.16,True,True,True,100,ALLOW
case_42_002426,11046.7,True,False,False,65,ALLOW
case_42_002427,21709.51,False,False,True,50,BLOCK
case_42_002428,4197.15,True,True,True,80,ALLOW
case_42_002429,10826.04,False,False,False,55,BLOCK
case_42_002430,4581.43,True,True,True,100,ALLOW
case_42_002431,2085.52,True,True,True,100,ALLOW
case_42_002432,9211.02,True,False,False,95,ALLOW
case_42_002433,9343.57,False,False,False,80,ESCALATE
case_42_002434,41849.97,True,True,True,70,ALLOW
case_42_002435,1489.0,True,True,True,100,ALLOW
case_42_002436,2714.13,True,False,False,95,ALLOW
case_42_002437,4776.58,True,True,True,90,ALLOW
case_42_002438,2934.93,True,True,True,100,ALLOW
case_42_002439,63170.33,False,False,True,45,ESCALATE
case_42_002440,12278.18,True,True,True,100,ALLOW
case_42_002441,9414.43,True,False,False,90,ALLOW
case_42_002442,13031.77,True,True,True,100,ALLOW
case_42_002443,27839.36,False,False,False,50,BLOCK
case_42_002444,4444.15,True,False,False,70,ALLOW
case_42_002445,3401.61,True,True,True,85,ALLOW
case_42_002446,8045.79,True,True,True,100,ALLOW
case_42_002447,5119.87,True,False,False,60,ALLOW
case_42_002448,14032.96,True,False,False,85,ALLOW
case_42_002449,3625.74,False,False,False,15,ESCALATE
case_42_002450,1145.41,True,True,True,90,ALLOW
case_42_002451,1235.59,True,True,True,90,ALLOW
case_42_002452,4326.4,True,True,True,75,ALLOW
case_42_002453,7072.44,True,True,True,80,ALLOW
case_42_002454,8811.24,True,False,False,70,ALLOW
case_42_002455,3946.37,True,True,True,70,ALLOW
case_42_002456,20300.18,True,True,True,95,ALLOW
case_42_002457,4439.47,False,False,False,50,BLOCK
case_42_002458,21083.45,True,True,True,60,ALLOW
case_42_002459,13366.24,True,True,True,85,ALLOW
case_42_002460,9756.59,True,True,True,80,ALLOW
case_42_002461,10620.17,True,False,False,70,ALLOW
case_42_002462,2839.65,True,True,True,100,ALLOW
case_42_002463,1761.55,True,True,True,100,ALLOW
case_42_002464,5637.98,True,True,True,100,ALLOW
case_42_002465,6460.86,True,True,True,100,ALLOW
case_42_002466,43631.41,True,True,True,70,ALLOW
case_42_002467,12662.6,True,False,False,100,ALLOW
case_42_002468,8504.37,True,True,True,100,ALLOW
case_42_002469,8100.49,True,True,True,70,ALLOW
case_42_002470,61848.73,False,False,False,95,ESCALATE
case_42_002471,44115.29,False,False,False,30,ESCALATE
case_42_002472,2221.14,True,True,True,75,ALLOW
case_42_002473,2772.52,True,True,True,100,ALLOW
case_42_002474,50155.6,False,False,True,85,ESCALATE
case_42_002475,2884.39,True,False,False,60,ALLOW
case_42_002476,2605.05,False,False,False,55,BLOCK
case_42_002477,61143.5,False,False,True,85,ESCALATE
case_42_002478,13767.88,True,False,False,70,ALLOW
case_42_002479,3424.32,False,False,False,50,BLOCK
case_42_002480,60802.05,False,False,True,65,ESCALATE
case_42_002481,50715.23,False,False,True,90,ESCALATE
case_42_002482,4615.35,True,True,True,90,ALLOW
case_42_002483,7876.53,False,False,True,40,BLOCK
case_42_002484,11326.39,True,True,True,100,ALLOW
case_42_002485,1746.29,True,True,True,70,ALLOW
case_42_002486,3929.31,False,False,True,65,ESCALATE
case_42_002487,7673.03,True,True,True,100,ALLOW
case_42_002488,3129.91,True,True,True,100,ALLOW
case_42_002489,19182.05,True,False,False,85,ALLOW
case_42_002490,25182.83,False,False,False,55,BLOCK
case_42_002491,485.13,True,True,True,100,ALLOW
case_42_002492,1583.67,False,False,False,70,ESCALATE
case_42_002493,7690.58,True,True,True,100,ALLOW
case_42_002494,6059.52,True,True,True,100,ALLOW
case_42_002495,2104.65,True,False,False,65,ALLOW
case_42_002496,5964.27,False,False,True,80,ESCALATE
case_42_002497,43983.98,True,False,False,65,ALLOW
case_42_002498,2522.86,True,True,True,100,ALLOW
case_42_002499,9272.1,True,True,True,85,ALLOW
case_42_002500,30902.2,True,True,True,100,ALLOW
case_42_002501,2377.01,True,False,False,90,ALLOW
case_42_002502,10756.19,True,True,True,100,ALLOW
case_42_002503,1546.92,True,False,False,90,ALLOW
case_42_002504,6990.3,True,True,True,90,ALLOW
case_42_002505,7363.87,True,True,True,100,ALLOW
case_42_002506,876.91,False,False,False,45,BLOCK
case_42_002507,2570.47,True,True,True,85,ALLOW
case_42_002508,57278.07,False,False,True,20,ESCALATE
case_42_002509,6360.54,True,True,True,100,ALLOW
case_42_002510,10518.96,True,False,False,65,ALLOW
case_42_002511,60250.4,False,False,False,35,ESCALATE
case_42_002512,3811.59,True,False,False,90,ALLOW
case_42_002513,549.69,True,True,True,100,ALLOW
case_42_002514,13859.39,True,True,True,100,ALLOW
case_42_002515,2617.55,True,True,True,100,ALLOW
case_42_002516,4045.1,True,True,True,100,ALLOW
case_42_002517,13118.14,True,False,False,90,ALLOW
case_42_002518,4585.95,True,False,False,90,ALLOW
case_42_002519,2777.65,True,True,True,100,ALLOW
case_42_002520,2860.34,True,True,True,85,ALLOW
case_42_002521,12422.63,True,False,False,80,ALLOW
case_42_002522,3338.14,False,False,False,25,BLOCK
case_42_002523,9794.48,True,True,True,100,ALLOW
case_42_002524,10709.41,True,True,True,80,ALLOW
case_42_002525,44112.4,True,False,False,90,ALLOW
case_42_002526,13367.3,True,True,True,100,ALLOW
case_42_002527,1806.05,False,False,False,65,ESCALATE
case_42_002528,62020.33,False,False,True,100,ESCALATE
case_42_002529,58525.31,False,False,True,100,ESCALATE
case_42_002530,41312.15,True,True,True,90,ALLOW
case_42_002531,2616.7,True,True,True,80,ALLOW
case_42_002532,2182.07,True,True,True,100,ALLOW
case_42_002533,35473.68,True,True,True,95,ALLOW
case_42_002534,4832.56,False,False,False,50,BLOCK
case_42_002535,5504.52,True,False,False,65,ALLOW
case_42_002536,12975.16,False,False,False,35,BLOCK
case_42_002537,1601.74,True,True,True,65,ALLOW
case_42_002538,28950.92,False,False,True,45,BLOCK
case_42_002539,48863.54,True,False,False,85,ALLOW
case_42_002540,10957.41,True,False,False,60,ALLOW
case_42_002541,4570.91,True,True,True,100,ALLOW
case_42_002542,1339.73,True,True,True,100,ALLOW
case_42_002543,7851.08,True,True,True,100,ALLOW
case_42_002544,14275.88,True,True,True,100,ALLOW
case_42_002545,1308.09,True,True,True,100,ALLOW
case_42_002546,7047.98,True,True,True,100,ALLOW
case_42_002547,30572.15,True,True,True,90,ALLOW
case_42_002548,11371.22,True,True,True,85,ALLOW
case_42_002549,3127.93,False,False,False,40,ESCALATE
case_42_002550,3871.35,True,False,False,80,ALLOW
case_42_002551,6703.19,True,True,True,85,ALLOW
case_42_002552,994.08,True,True,True,65,ALLOW
case_42_002553,11242.03,True,True,True,95,ALLOW
case_42_002554,13531.33,False,False,False,80,ESCALATE
case_42_002555,44993.45,True,False,False,60,ALLOW
case_42_002556,2661.43,True,True,True,100,ALLOW
case_42_002557,1532.86,True,True,True,100,ALLOW
case_42_002558,7429.1,True,True,True,100,ALLOW
case_42_002559,7082.77,True,True,True,100,ALLOW
case_42_002560,7219.67,True,True,True,100,ALLOW
case_42_002561,4233.21,True,True,True,90,ALLOW
case_42_002562,53640.08,False,False,True,80,ESCALATE
case_42_002563,806.49,True,True,True,100,ALLOW
case_42_002564,4473.31,True,True,True,100,ALLOW
case_42_002565,6248.67,True,False,False,60,ALLOW
case_42_002566,2702.85,False,False,True,50,BLOCK
case_42_002567,6347.43,True,False,False,85,ALLOW
case_42_002568,3519.99,True,False,False,60,ALLOW
case_42_002569,14010.29,True,True,True,85,ALLOW
case_42_002570,46158.14,True,True,True,100,ALLOW
case_42_002571,5184.21,True,True,True,75,ALLOW
case_42_002572,2370.53,True,True,True,75,ALLOW
case_42_002573,2743.48,True,False,False,95,ALLOW
case_42_002574,3671.68,False,False,False,40,BLOCK
case_42_002575,53063.44,False,False,True,85,ESCALATE
case_42_002576,2722.49,True,True,True,100,ALLOW
case_42_002577,2406.43,True,False,False,65,ALLOW
case_42_002578,3505.2,False,False,False,45,ESCALATE
case_42_002579,3754.4,False,False,False,0,BLOCK
case_42_002580,12465.25,True,True,True,100,ALLOW
case_42_002581,34839.91,True,True,True,70,ALLOW
case_42_002582,46316.49,False,False,False,25,BLOCK
case_42_002583,786.92,True,True,True,80,ALLOW
case_42_002584,43863.09,True,True,True,85,ALLOW
case_42_002585,11864.8,False,False,False,50,BLOCK
case_42_002586,8145.72,True,True,True,100,ALLOW
case_42_002587,13865.86,False,False,False,50,ESCALATE
case_42_002588,4557.53,True,True,True,100,ALLOW
case_42_002589,2051.25,False,False,False,55,BLOCK
case_42_002590,2198.05,True,True,True,80,ALLOW
case_42_002591,1533.59,True,True,True,100,ALLOW
case_42_002592,30500.86,True,True,True,75,ALLOW
case_42_002593,2102.73,True,True,True,100,ALLOW
case_42_002594,6529.75,True,True,True,70,ALLOW
case_42_002595,3279.02,True,True,True,100,ALLOW
case_42_002596,16105.49,False,False,False,20,BLOCK
case_42_002597,11652.47,True,True,True,100,ALLOW
case_42_002598,6268.9,True,True,True,95,ALLOW
case_42_002599,12258.23,False,False,True,75,ESCALATE
case_42_002600,2882.6,True,False,False,65,ALLOW
case_42_002601,4383.06,True,True,True,90,ALLOW
case_42_002602,41225.68,True,False,False,80,ALLOW
case_42_002603,2486.7,False,False,False,35,BLOCK
case_42_002604,1562.57,True,True,True,100,ALLOW
case_42_002605,8762.0,True,True,True,100,ALLOW
case_42_002606,1760.69,False,False,False,25,ESCALATE
case_42_002607,1324.41,True,False,False,100,ALLOW
case_42_002608,23049.55,True,True,True,95,ALLOW
case_42_002609,33010.98,False,False,False,40,BLOCK
case_42_002610,56172.15,False,False,True,60,ESCALATE
case_42_002611,13995.61,True,True,True,100,ALLOW
case_42_002612,11773.24,True,True,True,90,ALLOW
case_42_002613,13936.3,True,False,False,100,ALLOW
case_42_002614,12717.73,True,True,True,90,ALLOW
case_42_002615,7589.04,True,True,True,65,ALLOW
case_42_002616,3654.43,True,False,False,75,ALLOW
case_42_002617,15022.55,False,False,True,75,ESCALATE
case_42_002618,4537.38,True,True,True,100,ALLOW
case_42_002619,4116.74,True,True,True,85,ALLOW
case_42_002620,2719.59,True,True,True,100,ALLOW
case_42_002621,23099.36,False,False,False,30,BLOCK
case_42_002622,11894.24,False,False,True,50,ESCALATE
case_42_002623,2298.3,True,True,True,95,ALLOW
case_42_002624,32183.77,True,True,True,100,ALLOW
case_42_002625,60272.03,False,False,True,100,ESCALATE
case_42_002626,3212.34,True,True,True,75,ALLOW
case_42_002627,47881.07,True,True,True,80,ALLOW
case_42_002628,6599.92,True,True,True,100,ALLOW
case_42_002629,3824.37,True,True,True,100,ALLOW
case_42_002630,7858.28,True,True,True,85,ALLOW
case_42_002631,12867.8,True,True,True,100,ALLOW
case_42_002632,3545.9,False,False,False,70,ESCALATE
case_42_002633,13880.51,True,True,True,100,ALLOW
case_42_002634,4700.2,True,True,True,100,ALLOW
case_42_002635,1590.58,True,True,True,85,ALLOW
case_42_002636,888.13,True,True,True,100,ALLOW
case_42_002637,1508.94,True,False,False,100,ALLOW
case_42_002638,60125.68,False,False,False,55,ESCALATE
case_42_002639,59530.15,False,False,False,60,ESCALATE
case_42_002640,41220.96,False,False,False,40,BLOCK
case_42_002641,14197.51,False,False,True,50,BLOCK
case_42_002642,3681.73,True,True,True,100,ALLOW
case_42_002643,12771.12,True,False,False,85,ALLOW
case_42_002644,12353.93,False,False,False,35,BLOCK
case_42_002645,12733.87,False,False,False,50,BLOCK
case_42_002646,3156.78,True,False,False,90,ALLOW
case_42_002647,13496.96,True,True,True,100,ALLOW
case_42_002648,2400.42,True,True,True,100,ALLOW
case_42_002649,14105.56,True,True,True,100,ALLOW
case_42_002650,23555.15,True,False,False,65,ALLOW
case_42_002651,5699.55,True,False,False,80,ALLOW
case_42_002652,3761.17,True,True,True,100,ALLOW
case_42_002653,10641.22,True,True,True,100,ALLOW
case_42_002654,3618.96,False,False,False,40,BLOCK
case_42_002655,3366.91,False,False,False,55,ESCALATE
case_42_002656,5475.1,True,False,False,100,ALLOW
case_42_002657,2610.23,True,True,True,65,ALLOW
case_42_002658,5104.04,True,True,True,100,ALLOW
case_42_002659,3150.93,True,True,True,100,ALLOW
case_42_002660,3996.75,False,False,False,35,BLOCK
case_42_002661,14062.66,True,True,True,90,ALLOW
case_42_002662,654.13,True,True,True,80,ALLOW
case_42_002663,12478.25,False,False,False,30,ESCALATE
case_42_002664,5530.78,False,False,False,35,BLOCK
case_42_002665,2532.8,False,False,False,60,BLOCK
case_42_002666,4079.53,True,False,False,70,ALLOW
case_42_002667,891.4,False,False,False,25,BLOCK
case_42_002668,10073.9,True,True,True,95,ALLOW
case_42_002669,13367.75,True,True,True,100,ALLOW
case_42_002670,7812.7,True,True,True,100,ALLOW
case_42_002671,2980.46,False,False,False,45,BLOCK
case_42_002672,9246.5,False,False,False,35,BLOCK
case_42_002673,1656.41,False,False,False,40,BLOCK
case_42_002674,12742.42,True,True,True,100,ALLOW
case_42_002675,20650.87,False,False,False,30,BLOCK
case_42_002676,2842.12,True,True,True,100,ALLOW
case_42_002677,8349.12,True,False,False,70,ALLOW
case_42_002678,1669.45,True,False,False,85,ALLOW
case_42_002679,519.67,True,True,True,95,ALLOW
case_42_002680,3859.53,True,True,True,100,ALLOW
case_42_002681,3822.44,True,False,False,95,ALLOW
case_42_002682,3291.54,True,True,True,100,ALLOW
case_42_002683,1974.21,True,True,True,90,ALLOW
case_42_002684,6592.46,True,True,True,100,ALLOW
case_42_002685,3067.9,True,True,True,100,ALLOW
case_42_002686,31528.26,True,False,False,65,ALLOW
case_42_002687,3537.91,True,True,True,100,ALLOW
case_42_002688,1975.26,True,True,True,65,ALLOW
case_42_002689,2065.24,True,True,True,85,ALLOW
case_42_002690,2740.19,True,True,True,100,ALLOW
case_42_002691,11895.55,False,False,True,75,ESCALATE
case_42_002692,3896.6,True,False,False,100,ALLOW
case_42_002693,645.64,True,False,False,70,ALLOW
case_42_002694,12058.25,True,True,True,100,ALLOW
case_42_002695,52913.5,False,False,True,85,ESCALATE
case_42_002696,4566.06,True,True,True,65,ALLOW
case_42_002697,503.7,False,False,True,75,ESCALATE
case_42_002698,27482.94,True,True,True,95,ALLOW
case_42_002699,1517.73,False,False,False,35,ESCALATE
case_42_002700,34149.96,True,True,True,60,ALLOW
case_42_002701,7450.42,True,True,True,70,ALLOW
case_42_002702,4769.07,False,False,False,50,BLOCK
case_42_002703,779.44,True,True,True,75,ALLOW
case_42_002704,3715.85,True,False,False,95,ALLOW
case_42_002705,4784.03,True,True,True,100,ALLOW
case_42_002706,1607.67,True,True,True,100,ALLOW
case_42_002707,612.01,True,False,False,100,ALLOW
case_42_002708,13845.89,True,True,True,85,ALLOW
case_42_002709,4756.04,True,True,True,100,ALLOW
case_42_002710,3072.39,False,False,False,35,BLOCK
case_42_002711,1349.82,True,True,True,85,ALLOW
case_42_002712,21042.27,True,True,True,65,ALLOW
case_42_002713,11157.87,True,True,True,100,ALLOW
case_42_002714,7432.71,True,True,True,100,ALLOW
case_42_002715,19176.34,True,False,False,70,ALLOW
case_42_002716,3097.8,True,False,False,100,ALLOW
case_42_002717,2894.28,True,False,False,65,ALLOW
case_42_002718,326.39,True,True,True,95,ALLOW
case_42_002719,2069.41,False,False,False,45,ESCALATE
case_42_002720,38501.54,True,True,True,95,ALLOW
case_42_002721,42160.09,True,True,True,100,ALLOW
case_42_002722,1749.69,True,True,True,95,ALLOW
case_42_002723,2944.12,True,False,False,90,ALLOW
case_42_002724,8804.03,False,False,False,15,BLOCK
case_42_002725,56758.7,False,False,True,100,ESCALATE
case_42_002726,3361.8,False,False,False,40,BLOCK
case_42_002727,3343.21,False,False,False,65,ESCALATE
case_42_002728,923.26,False,False,False,45,BLOCK
case_42_002729,6669.26,True,True,True,95,ALLOW
case_42_002730,11439.5,True,True,True,75,ALLOW
case_42_002731,6879.75,True,True,True,100,ALLOW
case_42_002732,1844.8,True,True,True,80,ALLOW
case_42_002733,2012.4,True,False,False,85,ALLOW
case_42_002734,4381.49,False,False,False,80,ESCALATE
case_42_002735,8094.84,True,False,False,85,ALLOW
case_42_002736,8256.58,True,True,True,100,ALLOW
case_42_002737,6552.53,False,False,False,25,BLOCK
case_42_002738,1705.55,False,False,False,5,BLOCK
case_42_002739,6658.88,True,True,True,90,ALLOW
case_42_002740,1737.64,True,True,True,80,ALLOW
case_42_002741,40561.26,True,True,True,95,ALLOW
case_42_002742,5002.62,True,True,True,100,ALLOW
case_42_002743,30397.86,False,False,False,45,BLOCK
case_42_002744,4125.73,True,True,True,100,ALLOW
case_42_002745,3659.67,False,False,False,40,BLOCK
case_42_002746,8282.13,True,True,True,95,ALLOW
case_42_002747,588.24,True,True,True,85,ALLOW
case_42_002748,7088.47,True,True,True,75,ALLOW
case_42_002749,1738.16,True,True,True,100,ALLOW
case_42_002750,3405.37,True,True,True,100,ALLOW
case_42_002751,3975.21,True,True,True,100,ALLOW
case_42_002752,4605.16,False,False,False,80,ESCALATE
case_42_002753,10288.8,True,True,True,100,ALLOW
case_42_002754,1898.16,True,True,True,100,ALLOW
case_42_002755,6867.36,True,True,True,80,ALLOW
case_42_002756,45289.23,True,False,False,60,ALLOW
case_42_002757,4064.06,True,False,False,85,ALLOW
case_42_002758,2123.92,True,False,False,95,ALLOW
case_42_002759,56497.5,False,False,False,70,ESCALATE
case_42_002760,4415.86,True,False,False,60,ALLOW
case_42_002761,10653.62,True,False,False,100,ALLOW
case_42_002762,4388.14,True,True,True,100,ALLOW
case_42_002763,15481.04,False,False,False,20,BLOCK
case_42_002764,3614.04,True,True,True,95,ALLOW
case_42_002765,53456.42,False,False,False,100,ESCALATE
case_42_002766,2640.92,False,False,False,35,BLOCK
case_42_002767,14035.39,True,True,True,100,ALLOW
case_42_002768,11228.33,True,True,True,100,ALLOW
case_42_002769,2875.76,True,False,False,100,ALLOW
case_42_002770,773.1,False,False,False,0,ESCALATE
case_42_002771,8533.04,False,False,False,65,ESCALATE
case_42_002772,3778.36,True,True,True,100,ALLOW
case_42_002773,7613.43,True,False,False,65,ALLOW
case_42_002774,13208.52,True,False,False,65,ALLOW
case_42_002775,9059.9,True,False,False,65,ALLOW
case_42_002776,1345.17,False,False,False,45,BLOCK
case_42_002777,4743.31,False,False,False,50,BLOCK
case_42_002778,9377.61,False,False,False,10,BLOCK
case_42_002779,13485.13,True,False,False,100,ALLOW
case_42_002780,7854.47,False,False,False,20,ESCALATE
case_42_002781,47106.69,True,False,False,70,ALLOW
case_42_002782,3431.96,False,False,False,55,BLOCK
case_42_002783,26982.75,False,False,False,45,BLOCK
case_42_002784,46952.47,True,True,True,70,ALLOW
case_42_002785,4912.26,True,True,True,90,ALLOW
case_42_002786,9460.86,True,True,True,60,ALLOW
case_42_002787,10094.63,True,True,True,100,ALLOW
case_42_002788,2415.48,False,False,False,35,BLOCK
case_42_002789,11325.72,True,True,True,100,ALLOW
case_42_002790,10030.8,True,True,True,95,ALLOW
case_42_002791,4528.1,True,True,True,90,ALLOW
case_42_002792,11926.13,True,True,True,100,ALLOW
case_42_002793,10015.84,True,False,False,65,ALLOW
case_42_002794,3888.64,True,True,True,90,ALLOW
case_42_002795,3779.67,False,False,False,55,BLOCK
case_42_002796,4214.21,True,False,False,60,ALLOW
case_42_002797,1369.52,True,True,True,70,ALLOW
case_42_002798,9934.38,True,True,True,95,ALLOW
case_42_002799,37121.75,True,True,True,65,ALLOW
case_42_002800,7882.94,False,False,False,50,BLOCK
case_42_002801,12297.73,True,True,True,65,ALLOW
case_42_002802,2171.81,True,True,True,95,ALLOW
case_42_002803,13019.51,False,False,False,10,ESCALATE
case_42_002804,7555.09,True,True,True,100,ALLOW
case_42_002805,7455.93,False,False,False,5,BLOCK
case_42_002806,1678.42,True,False,False,80,ALLOW
case_42_002807,11326.56,True,True,True,95,ALLOW
case_42_002808,3578.86,True,False,False,85,ALLOW
case_42_002809,40902.02,True,True,True,90,ALLOW
case_42_002810,6192.53,True,False,False,60,ALLOW
case_42_002811,8730.14,True,True,True,100,ALLOW
case_42_002812,1067.48,True,True,True,75,ALLOW
case_42_002813,6348.87,False,False,False,35,BLOCK
case_42_002814,457.44,False,False,False,20,BLOCK
case_42_002815,11079.82,True,True,True,100,ALLOW
case_42_002816,3372.05,True,False,False,85,ALLOW
case_42_002817,2373.21,False,False,False,45,BLOCK
case_42_002818,11230.12,True,True,True,100,ALLOW
case_42_002819,3654.93,True,False,False,100,ALLOW
case_42_002820,6263.04,False,False,False,0,ESCALATE
case_42_002821,6641.11,True,False,False,85,ALLOW
case_42_002822,2533.82,True,True,True,100,ALLOW
case_42_002823,5075.42,True,True,True,80,ALLOW
case_42_002824,1899.68,True,True,True,100,ALLOW
case_42_002825,49988.34,False,False,False,30,BLOCK
case_42_002826,22266.26,False,False,False,40,BLOCK
case_42_002827,12140.58,True,True,True,85,ALLOW
case_42_002828,12568.48,True,False,False,95,ALLOW
case_42_002829,13621.56,True,True,True,90,ALLOW
case_42_002830,12738.02,True,True,True,60,ALLOW
case_42_002831,5140.53,False,False,False,15,BLOCK
case_42_002832,11827.22,True,True,True,95,ALLOW
case_42_002833,2307.06,True,False,False,80,ALLOW
case_42_002834,26846.64,True,True,True,100,ALLOW
case_42_002835,49156.49,True,True,True,95,ALLOW
case_42_002836,2332.03,True,True,True,90,ALLOW
case_42_002837,55964.88,False,False,False,75,ESCALATE
case_42_002838,1920.64,False,False,False,15,BLOCK
case_42_002839,5858.74,True,True,True,100,ALLOW
case_42_002840,537.86,False,False,False,15,BLOCK
case_42_002841,7896.75,True,False,False,80,ALLOW
case_42_002842,3114.95,True,True,True,90,ALLOW
case_42_002843,5384.5,True,True,True,75,ALLOW
case_42_002844,46797.73,True,True,True,85,ALLOW
case_42_002845,26017.63,False,False,False,0,BLOCK
case_42_002846,3532.15,True,True,True,65,ALLOW
case_42_002847,3335.3,True,False,False,75,ALLOW
case_42_002848,3656.06,False,False,False,0,BLOCK
case_42_002849,12845.09,True,False,False,75,ALLOW
case_42_002850,1877.78,True,True,True,100,ALLOW
case_42_002851,1118.99,False,False,False,40,ESCALATE
case_42_002852,4308.18,True,True,True,95,ALLOW
case_42_002853,9092.15,True,False,False,80,ALLOW
case_42_002854,13350.8,True,True,True,100,ALLOW
case_42_002855,9347.21,False,False,False,25,ESCALATE
case_42_002856,5311.23,False,False,False,50,BLOCK
case_42_002857,30784.66,True,True,True,95,ALLOW
case_42_002858,37349.26,True,False,False,75,ALLOW
case_42_002859,3404.03,False,False,False,60,BLOCK
case_42_002860,21631.66,False,False,False,55,BLOCK
case_42_002861,9230.32,True,True,True,100,ALLOW
case_42_002862,8059.21,True,True,True,100,ALLOW
case_42_002863,10176.88,False,False,False,15,BLOCK
case_42_002864,19270.45,True,False,False,95,ALLOW
case_42_002865,7109.41,True,False,False,85,ALLOW
case_42_002866,6321.1,True,False,False,90,ALLOW
case_42_002867,5404.71,True,False,False,75,ALLOW
case_42_002868,16174.49,True,False,False,85,ALLOW
case_42_002869,3225.5,True,True,True,100,ALLOW
case_42_002870,3917.24,True,True,True,100,ALLOW
case_42_002871,3339.46,False,False,False,55,BLOCK
case_42_002872,5198.67,False,False,False,45,BLOCK
case_42_002873,1427.32,True,True,True,100,ALLOW
case_42_002874,10696.23,True,True,True,100,ALLOW
case_42_002875,2791.6,False,False,False,20,BLOCK
case_42_002876,1264.53,True,False,False,65,ALLOW
case_42_002877,3913.31,True,True,True,100,ALLOW
case_42_002878,1307.05,True,True,True,100,ALLOW
case_42_002879,9019.14,True,True,True,80,ALLOW
case_42_002880,9171.16,True,True,True,80,ALLOW
case_42_002881,12953.02,False,False,False,0,ESCALATE
case_42_002882,20406.34,True,False,False,80,ALLOW
case_42_002883,1376.3,True,True,True,100,ALLOW
case_42_002884,4829.32,True,False,False,100,ALLOW
case_42_002885,4439.22,True,False,False,70,ALLOW
case_42_002886,13975.85,True,False,False,65,ALLOW
case_42_002887,12509.51,True,True,True,100,ALLOW
case_42_002888,2972.14,True,True,True,90,ALLOW
case_42_002889,1880.62,True,True,True,100,ALLOW
case_42_002890,1272.91,True,False,False,70,ALLOW
case_42_002891,4005.07,False,False,False,55,BLOCK
case_42_002892,2737.83,True,True,True,70,ALLOW
case_42_002893,4216.2,False,False,True,70,ESCALATE
case_42_002894,7068.75,True,True,True,100,ALLOW
case_42_002895,1461.44,True,True,True,100,ALLOW
case_42_002896,2777.44,True,True,True,100,ALLOW
case_42_002897,2610.24,True,True,True,100,ALLOW
case_42_002898,10639.62,True,True,True,95,ALLOW
case_42_002899,2661.24,True,True,True,100,ALLOW
case_42_002900,3636.83,False,False,False,0,ESCALATE
case_42_002901,1501.13,True,False,False,100,ALLOW
case_42_002902,6833.53,True,True,True,100,ALLOW
case_42_002903,13934.0,True,False,False,70,ALLOW
case_42_002904,33366.18,False,False,False,50,BLOCK
case_42_002905,3356.31,True,False,False,85,ALLOW
case_42_002906,810.76,False,False,False,45,BLOCK
case_42_002907,3954.65,True,False,False,80,ALLOW
case_42_002908,26851.02,True,False,False,70,ALLOW
case_42_002909,3058.76,True,False,False,85,ALLOW
case_42_002910,15434.54,False,False,False,35,BLOCK
case_42_002911,44956.58,True,True,True,75,ALLOW
case_42_002912,828.94,True,True,True,90,ALLOW
case_42_002913,56577.81,False,False,False,30,ESCALATE
case_42_002914,7330.13,False,False,True,45,BLOCK
case_42_002915,24439.92,True,True,True,75,ALLOW
case_42_002916,12025.81,True,False,False,60,ALLOW
case_42_002917,2127.61,False,False,False,50,BLOCK
case_42_002918,12985.91,True,False,False,70,ALLOW
case_42_002919,5108.74,True,False,False,95,ALLOW
case_42_002920,2018.21,True,True,True,100,ALLOW
case_42_002921,12851.12,True,True,True,100,ALLOW
case_42_002922,36247.89,True,False,False,85,ALLOW
case_42_002923,3679.34,False,False,False,45,ESCALATE
case_42_002924,9488.56,True,False,False,75,ALLOW
case_42_002925,4767.38,True,True,True,75,ALLOW
case_42_002926,10192.27,True,True,True,100,ALLOW
case_42_002927,14290.11,True,True,True,95,ALLOW
case_42_002928,11998.58,True,False,False,90,ALLOW
case_42_002929,5048.51,True,True,True,100,ALLOW
case_42_002930,6018.97,True,True,True,100,ALLOW
case_42_002931,5090.3,True,True,True,75,ALLOW
case_42_002932,1545.4,True,False,False,95,ALLOW
case_42_002933,14392.04,True,True,True,75,ALLOW
case_42_002934,4639.79,True,False,False,85,ALLOW
case_42_002935,689.44,True,True,True,100,ALLOW
case_42_002936,9727.4,False,False,False,55,BLOCK
case_42_002937,19064.98,True,True,True,100,ALLOW
case_42_002938,7549.59,True,True,True,80,ALLOW
case_42_002939,2421.91,False,False,False,45,BLOCK
case_42_002940,4762.78,True,False,False,65,ALLOW
case_42_002941,8486.28,True,True,True,80,ALLOW
case_42_002942,7829.25,True,True,True,100,ALLOW
case_42_002943,2977.73,True,True,True,70,ALLOW
case_42_002944,5493.12,True,False,False,65,ALLOW
case_42_002945,7526.38,True,False,False,80,ALLOW
case_42_002946,4663.75,True,False,False,65,ALLOW
case_42_002947,3912.55,True,True,True,100,ALLOW
case_42_002948,1975.33,False,False,False,70,ESCALATE
case_42_002949,3160.97,True,True,True,100,ALLOW
case_42_002950,4401.0,True,True,True,100,ALLOW
case_42_002951,6158.87,True,True,True,100,ALLOW
case_42_002952,6705.73,True,False,False,90,ALLOW
case_42_002953,24474.73,True,True,True,85,ALLOW
case_42_002954,4323.61,True,False,False,100,ALLOW
case_42_002955,3643.07,True,True,True,80,ALLOW
case_42_002956,4982.72,True,True,True,100,ALLOW
case_42_002957,7100.29,True,False,False,65,ALLOW
case_42_002958,1692.94,True,False,False,80,ALLOW
case_42_002959,9691.31,True,True,True,100,ALLOW
case_42_002960,2166.75,True,False,False,95,ALLOW
case_42_002961,48799.03,True,True,True,95,ALLOW
case_42_002962,3769.47,True,True,True,70,ALLOW
case_42_002963,39528.17,True,True,True,85,ALLOW
case_42_002964,1488.1,True,True,True,100,ALLOW
case_42_002965,8918.43,False,False,False,35,BLOCK
case_42_002966,28424.64,True,False,False,70,ALLOW
case_42_002967,2325.47,True,True,True,85,ALLOW
case_42_002968,2446.23,True,True,True,95,ALLOW
case_42_002969,4732.56,False,False,True,85,ESCALATE
case_42_002970,13238.23,True,True,True,100,ALLOW
case_42_002971,1516.5,True,True,True,75,ALLOW
case_42_002972,4145.63,True,False,False,95,ALLOW
case_42_002973,13396.58,False,False,False,20,BLOCK
case_42_002974,4410.06,False,False,False,75,ESCALATE
case_42_002975,7194.29,True,True,True,90,ALLOW
case_42_002976,62620.46,False,False,False,80,ESCALATE
case_42_002977,3957.51,False,False,False,50,BLOCK
case_42_002978,10356.87,False,False,False,50,BLOCK
case_42_002979,10812.52,False,False,False,60,ESCALATE
case_42_002980,10870.59,True,True,True,65,ALLOW
case_42_002981,2794.65,True,True,True,100,ALLOW
case_42_002982,3357.96,False,False,False,20,BLOCK
case_42_002983,36954.2,True,True,True,75,ALLOW
case_42_002984,9368.91,True,True,True,85,ALLOW
case_42_002985,12682.31,True,True,True,100,ALLOW
case_42_002986,6764.33,True,False,False,95,ALLOW
case_42_002987,57957.24,False,False,True,55,ESCALATE
case_42_002988,12430.14,True,True,True,95,ALLOW
case_42_002989,50191.54,False,False,False,0,ESCALATE
case_42_002990,5926.24,False,False,False,40,BLOCK
case_42_002991,4722.61,False,False,True,90,ESCALATE
case_42_002992,1157.41,False,False,False,55,BLOCK
case_42_002993,730.77,False,False,False,55,BLOCK
case_42_002994,8243.78,True,False,False,80,ALLOW
case_42_002995,3713.5,True,True,True,100,ALLOW
case_42_002996,9707.25,True,True,True,75,ALLOW
case_42_002997,7883.93,True,False,False,80,ALLOW
case_42_002998,3525.59,True,True,True,100,ALLOW
case_42_002999,4066.13,True,True,True,90,ALLOW
case_42_003000,27350.31,True,True,True,100,ALLOW
case_42_003001,8949.52,True,True,True,100,ALLOW
case_42_003002,4251.81,True,True,True,100,ALLOW
case_42_003003,38680.16,False,False,False,20,ESCALATE
case_42_003004,35457.67,True,False,False,75,ALLOW
case_42_003005,8401.75,True,False,False,75,ALLOW
case_42_003006,53829.05,False,False,False,95,ESCALATE
case_42_003007,46719.11,False,False,False,30,BLOCK
case_42_003008,8029.49,False,False,False,45,BLOCK
case_42_003009,1135.56,True,True,True,90,ALLOW
case_42_003010,1422.88,True,True,True,100,ALLOW
case_42_003011,13396.06,False,False,False,50,BLOCK
case_42_003012,10898.47,True,True,True,90,ALLOW
case_42_003013,2835.4,True,False,False,75,ALLOW
case_42_003014,5341.95,False,False,False,30,BLOCK
case_42_003015,12652.31,False,False,False,50,BLOCK
case_42_003016,5025.87,True,True,True,100,ALLOW
case_42_003017,1544.82,True,True,True,95,ALLOW
case_42_003018,3149.31,True,True,True,100,ALLOW
case_42_003019,2394.65,False,False,True,70,ESCALATE
case_42_003020,7988.83,True,True,True,100,ALLOW
case_42_003021,828.86,True,True,True,100,ALLOW
case_42_003022,1704.89,True,False,False,95,ALLOW
case_42_003023,22582.78,True,False,False,80,ALLOW
case_42_003024,10821.63,False,False,False,35,BLOCK
case_42_003025,56946.89,False,False,False,75,ESCALATE
case_42_003026,4068.3,True,True,True,100,ALLOW
case_42_003027,10081.73,True,False,False,100,ALLOW
case_42_003028,10951.05,True,False,False,100,ALLOW
case_42_003029,430.9,True,False,False,85,ALLOW
case_42_003030,4781.46,True,False,False,85,ALLOW
case_42_003031,9630.51,True,True,True,75,ALLOW
case_42_003032,5873.9,True,True,True,100,ALLOW
case_42_003033,4050.52,True,False,False,80,ALLOW
case_42_003034,3829.03,True,True,True,65,ALLOW
case_42_003035,56422.92,False,False,True,100,ESCALATE
case_42_003036,1194.64,False,False,False,50,BLOCK
case_42_003037,3567.55,False,False,False,20,ESCALATE
case_42_003038,63903.91,False,False,False,40,ESCALATE
case_42_003039,9470.26,True,True,True,100,ALLOW
case_42_003040,7454.9,True,False,False,95,ALLOW
case_42_003041,43365.64,True,True,True,70,ALLOW
case_42_003042,3365.81,True,True,True,95,ALLOW
case_42_003043,41415.6,True,True,True,70,ALLOW
case_42_003044,37853.49,False,False,True,55,BLOCK
case_42_003045,60464.65,False,False,True,100,ESCALATE
case_42_003046,1203.44,True,False,False,90,ALLOW
case_42_003047,1806.5,True,True,True,100,ALLOW
case_42_003048,11097.6,True,True,True,100,ALLOW
case_42_003049,7254.89,True,False,False,95,ALLOW
case_42_003050,4863.08,False,False,True,40,BLOCK
case_42_003051,37923.69,False,False,False,25,BLOCK
case_42_003052,3003.76,True,True,True,80,ALLOW
case_42_003053,23665.68,True,False,False,60,ALLOW
case_42_003054,1924.34,True,True,True,100,ALLOW
case_42_003055,52954.91,False,False,False,55,ESCALATE
case_42_003056,4937.93,True,True,True,95,ALLOW
case_42_003057,1105.68,True,True,True,85,ALLOW
case_42_003058,9194.69,True,True,True,100,ALLOW
case_42_003059,4179.95,True,True,True,90,ALLOW
case_42_003060,3914.48,True,False,False,100,ALLOW
case_42_003061,13750.33,True,False,False,60,ALLOW
case_42_003062,1144.21,False,False,False,15,BLOCK
case_42_003063,36399.08,False,False,False,0,BLOCK
case_42_003064,501.92,True,True,True,85,ALLOW
case_42_003065,461.16,True,True,True,100,ALLOW
case_42_003066,2628.95,False,False,True,55,BLOCK
case_42_003067,1480.44,True,True,True,100,ALLOW
case_42_003068,6569.48,True,False,False,70,ALLOW
case_42_003069,1474.92,False,False,False,35,BLOCK
case_42_003070,9919.44,True,False,False,85,ALLOW
case_42_003071,1927.21,True,True,True,100,ALLOW
case_42_003072,17412.55,True,True,True,100,ALLOW
case_42_003073,23685.17,True,True,True,65,ALLOW
case_42_003074,4686.08,True,True,True,100,ALLOW
case_42_003075,475.42,True,False,False,65,ALLOW
case_42_003076,1368.81,False,False,False,45,BLOCK
case_42_003077,4159.46,False,False,False,15,BLOCK
case_42_003078,4577.13,True,True,True,85,ALLOW
case_42_003079,12814.42,True,False,False,85,ALLOW
case_42_003080,7571.49,True,True,True,100,ALLOW
case_42_003081,43372.81,True,True,True,65,ALLOW
case_42_003082,51445.8,False,False,False,80,ESCALATE
case_42_003083,5245.39,True,True,True,80,ALLOW
case_42_003084,27760.18,True,True,True,80,ALLOW
case_42_003085,11587.53,True,True,True,100,ALLOW
case_42_003086,2614.41,True,True,True,100,ALLOW
case_42_003087,1789.2,True,False,False,85,ALLOW
case_42_003088,14014.8,True,True,True,100,ALLOW
case_42_003089,434.42,True,False,False,100,ALLOW
case_42_003090,64186.61,False,False,True,100,ESCALATE
case_42_003091,2533.96,True,True,True,90,ALLOW
case_42_003092,5870.75,False,False,False,0,ESCALATE
case_42_003093,20237.31,True,True,True,80,ALLOW
case_42_003094,4748.31,True,True,True,70,ALLOW
case_42_003095,5785.18,True,True,True,90,ALLOW
case_42_003096,2100.94,True,False,False,80,ALLOW
case_42_003097,58351.13,False,False,False,25,ESCALATE
case_42_003098,652.26,True,True,True,100,ALLOW
case_42_003099,13725.6,True,True,True,100,ALLOW
case_42_003100,3246.97,False,False,False,55,BLOCK
case_42_003101,7119.6,True,True,True,100,ALLOW
case_42_003102,1138.57,True,True,True,75,ALLOW
case_42_003103,22686.46,True,True,True,85,ALLOW
case_42_003104,9965.66,True,True,True,100,ALLOW
case_42_003105,4574.43,True,True,True,100,ALLOW
case_42_003106,5542.38,True,True,True,85,ALLOW
case_42_003107,6375.41,True,True,True,70,ALLOW
case_42_003108,45693.43,True,True,True,100,ALLOW
case_42_003109,7878.39,True,True,True,100,ALLOW
case_42_003110,2616.07,False,False,False,40,BLOCK
case_42_003111,5762.15,False,False,True,60,ESCALATE
case_42_003112,10301.02,True,True,True,100,ALLOW
case_42_003113,3007.44,True,True,True,100,ALLOW
case_42_003114,1439.38,True,True,True,100,ALLOW
case_42_003115,1766.09,True,True,True,75,ALLOW
case_42_003116,4560.62,True,True,True,100,ALLOW
case_42_003117,35120.22,True,True,True,65,ALLOW
case_42_003118,13461.21,True,True,True,75,ALLOW
case_42_003119,3014.12,True,True,True,65,ALLOW
case_42_003120,5838.78,True,True,True,100,ALLOW
case_42_003121,4710.5,True,True,True,90,ALLOW
case_42_003122,6261.65,True,True,True,100,ALLOW
case_42_003123,3916.09,True,True,True,100,ALLOW
case_42_003124,4735.84,True,True,True,100,ALLOW
case_42_003125,6125.44,True,True,True,100,ALLOW
case_42_003126,6767.37,True,True,True,60,ALLOW
case_42_003127,12445.73,True,True,True,80,ALLOW
case_42_003128,619.49,True,False,False,90,ALLOW
case_42_003129,11844.63,True,True,True,100,ALLOW
case_42_003130,668.55,True,True,True,75,ALLOW
case_42_003131,1916.87,True,True,True,100,ALLOW
case_42_003132,5459.63,True,True,True,95,ALLOW
case_42_003133,3974.7,True,True,True,100,ALLOW
case_42_003134,4015.6,True,True,True,90,ALLOW
case_42_003135,21297.37,True,True,True,85,ALLOW
case_42_003136,3985.12,False,False,False,60,ESCALATE
case_42_003137,7338.05,True,True,True,75,ALLOW
case_42_003138,3019.38,True,True,True,100,ALLOW
case_42_003139,12228.99,True,True,True,100,ALLOW
case_42_003140,2548.05,True,False,False,95,ALLOW
case_42_003141,63809.66,False,False,True,85,ESCALATE
case_42_003142,12801.53,True,False,False,90,ALLOW
case_42_003143,11381.13,False,False,False,50,BLOCK
case_42_003144,50151.72,False,False,True,95,ESCALATE
case_42_003145,2800.86,True,True,True,70,ALLOW
case_42_003146,4480.8,True,False,False,70,ALLOW
case_42_003147,2146.78,True,True,True,100,ALLOW
case_42_003148,11058.24,False,False,False,5,BLOCK
case_42_003149,10539.73,False,False,True,70,ESCALATE
case_42_003150,4473.55,False,False,False,15,BLOCK
case_42_003151,9427.55,True,True,True,75,ALLOW
case_42_003152,8662.96,True,True,True,70,ALLOW
case_42_003153,4603.85,True,False,False,65,ALLOW
case_42_003154,9357.34,True,True,True,100,ALLOW
case_42_003155,9013.09,True,True,True,100,ALLOW
case_42_003156,643.36,True,True,True,80,ALLOW
case_42_003157,10908.07,True,True,True,100,ALLOW
case_42_003158,7882.48,True,True,True,95,ALLOW
case_42_003159,8917.61,True,True,True,100,ALLOW
case_42_003160,3229.6,True,False,False,60,ALLOW
case_42_003161,1765.46,True,True,True,95,ALLOW
case_42_003162,3183.33,True,True,True,100,ALLOW
case_42_003163,17001.5,True,True,True,100,ALLOW
case_42_003164,22625.18,True,True,True,85,ALLOW
case_42_003165,374.58,True,True,True,75,ALLOW
case_42_003166,1703.34,True,True,True,100,ALLOW
case_42_003167,14087.84,True,False,False,85,ALLOW
case_42_003168,1000.31,True,False,False,70,ALLOW
case_42_003169,1680.09,True,True,True,90,ALLOW
case_42_003170,4699.56,False,False,True,15,BLOCK
case_42_003171,855.48,True,True,True,100,ALLOW
case_42_003172,12681.25,True,True,True,85,ALLOW
case_42_003173,43580.68,True,True,True,70,ALLOW
case_42_003174,12592.03,True,True,True,100,ALLOW
case_42_003175,1097.95,True,False,False,70,ALLOW
case_42_003176,1438.92,True,True,True,85,ALLOW
case_42_003177,2064.3,True,True,True,65,ALLOW
case_42_003178,11367.23,True,False,False,90,ALLOW
case_42_003179,3809.83,False,False,True,45,ESCALATE
case_42_003180,2866.93,True,True,True,85,ALLOW
case_42_003181,13216.65,True,True,True,100,ALLOW
case_42_003182,1658.87,True,True,True,100,ALLOW
case_42_003183,6231.83,True,True,True,100,ALLOW
case_42_003184,13842.51,True,True,True,60,ALLOW
case_42_003185,10851.2,True,True,True,100,ALLOW
case_42_003186,51747.64,False,False,False,25,ESCALATE
case_42_003187,4773.37,True,True,True,100,ALLOW
case_42_003188,51181.66,False,False,True,100,ESCALATE
case_42_003189,19280.47,False,False,False,25,ESCALATE
case_42_003190,47945.6,True,True,True,90,ALLOW
case_42_003191,1766.03,False,False,False,55,BLOCK
case_42_003192,50996.67,False,False,False,60,ESCALATE
case_42_003193,1122.81,True,True,True,100,ALLOW
case_42_003194,32760.91,False,False,True,50,BLOCK
case_42_003195,2799.98,True,True,True,100,ALLOW
case_42_003196,7472.46,False,False,False,40,ESCALATE
case_42_003197,4367.04,False,False,False,60,ESCALATE
case_42_003198,9960.41,False,False,True,80,ESCALATE
case_42_003199,2813.65,True,False,False,80,ALLOW
case_42_003200,7428.89,True,True,True,100,ALLOW
case_42_003201,4843.66,False,False,False,55,BLOCK
case_42_003202,18768.91,True,True,True,100,ALLOW
case_42_003203,13417.5,False,False,False,65,ESCALATE
case_42_003204,9370.28,True,True,True,95,ALLOW
case_42_003205,904.39,True,True,True,70,ALLOW
case_42_003206,12985.76,True,True,True,90,ALLOW
case_42_003207,3866.03,True,True,True,85,ALLOW
case_42_003208,3994.96,False,False,True,80,ESCALATE
case_42_003209,13901.63,True,True,True,100,ALLOW
case_42_003210,4669.87,True,True,True,100,ALLOW
case_42_003211,5371.92,False,False,False,0,BLOCK
case_42_003212,1808.56,True,True,True,100,ALLOW
case_42_003213,3888.32,False,False,False,50,BLOCK
case_42_003214,3199.02,True,True,True,95,ALLOW
case_42_003215,12820.25,True,True,True,85,ALLOW
case_42_003216,1813.03,False,False,True,50,ESCALATE
case_42_003217,4620.44,True,True,True,100,ALLOW
case_42_003218,13732.27,True,True,True,100,ALLOW
case_42_003219,3854.25,True,True,True,85,ALLOW
case_42_003220,4422.72,True,False,False,100,ALLOW
case_42_003221,11774.75,True,True,True,80,ALLOW
case_42_003222,45467.28,False,False,False,50,BLOCK
case_42_003223,2480.07,True,True,True,100,ALLOW
case_42_003224,1927.64,True,True,True,100,ALLOW
case_42_003225,8215.31,False,False,False,55,BLOCK
case_42_003226,12258.1,True,True,True,100,ALLOW
case_42_003227,10259.01,True,True,True,100,ALLOW
case_42_003228,38668.66,False,False,False,0,BLOCK
case_42_003229,53546.26,False,False,True,55,ESCALATE
case_42_003230,9541.15,True,True,True,100,ALLOW
case_42_003231,4546.14,True,True,True,100,ALLOW
case_42_003232,2250.32,True,True,True,85,ALLOW
case_42_003233,2568.14,True,True,True,90,ALLOW
case_42_003234,1768.35,True,False,False,70,ALLOW
case_42_003235,3249.85,False,False,False,50,BLOCK
case_42_003236,42241.0,False,False,True,45,BLOCK
case_42_003237,2388.17,True,True,True,100,ALLOW
case_42_003238,18924.01,True,True,True,100,ALLOW
case_42_003239,8131.36,True,True,True,95,ALLOW
case_42_003240,5020.55,True,False,False,70,ALLOW
case_42_003241,47263.07,True,True,True,90,ALLOW
case_42_003242,599.08,True,True,True,100,ALLOW
case_42_003243,6186.25,True,True,True,95,ALLOW
case_42_003244,12111.93,True,True,True,85,ALLOW
case_42_003245,5011.75,False,False,False,85,ESCALATE
case_42_003246,3154.28,True,True,True,80,ALLOW
case_42_003247,3895.83,True,False,False,95,ALLOW
case_42_003248,9671.56,False,False,False,50,BLOCK
case_42_003249,9116.82,True,False,False,75,ALLOW
case_42_003250,28413.33,True,True,True,100,ALLOW
case_42_003251,2222.12,True,False,False,85,ALLOW
case_42_003252,8602.38,True,False,False,100,ALLOW
case_42_003253,9970.63,True,True,True,100,ALLOW
case_42_003254,4699.93,True,True,True,65,ALLOW
case_42_003255,43026.29,False,False,False,35,BLOCK
case_42_003256,3268.99,True,True,True,65,ALLOW
case_42_003257,11560.07,False,False,False,65,ESCALATE
case_42_003258,13647.49,True,True,True,85,ALLOW
case_42_003259,40484.8,True,True,True,65,ALLOW
case_42_003260,12455.4,False,False,False,55,BLOCK
case_42_003261,12863.06,False,False,False,45,BLOCK
case_42_003262,61111.18,False,False,True,90,ESCALATE
case_42_003263,48498.05,True,True,True,70,ALLOW
case_42_003264,1035.17,True,True,True,85,ALLOW
case_42_003265,1992.19,True,False,False,90,ALLOW
case_42_003266,10836.17,True,True,True,100,ALLOW
case_42_003267,3174.38,False,False,False,45,BLOCK
case_42_003268,4613.33,True,True,True,100,ALLOW
case_42_003269,47723.77,True,True,True,90,ALLOW
case_42_003270,418.56,True,True,True,100,ALLOW
case_42_003271,4224.7,True,True,True,100,ALLOW
case_42_003272,50298.38,False,False,True,70,ESCALATE
case_42_003273,13136.58,True,True,True,100,ALLOW
case_42_003274,12828.34,False,False,False,55,BLOCK
case_42_003275,8913.05,False,False,False,45,ESCALATE
case_42_003276,7539.26,True,True,True,100,ALLOW
case_42_003277,2252.77,True,True,True,100,ALLOW
case_42_003278,2609.57,True,True,True,85,ALLOW
case_42_003279,41498.96,False,False,False,55,BLOCK
case_42_003280,2070.06,False,False,False,35,BLOCK
case_42_003281,13445.16,True,False,False,60,ALLOW
case_42_003282,2491.47,True,True,True,100,ALLOW
case_42_003283,50872.94,False,False,False,75,ESCALATE
case_42_003284,12341.38,True,False,False,75,ALLOW
case_42_003285,9834.38,True,False,False,65,ALLOW
case_42_003286,2345.31,True,False,False,100,ALLOW
case_42_003287,14478.45,True,False,False,100,ALLOW
case_42_003288,2471.13,True,True,True,80,ALLOW
case_42_003289,10564.15,False,False,False,35,BLOCK
case_42_003290,4208.46,False,False,False,60,ESCALATE
case_42_003291,3811.93,True,True,True,100,ALLOW
case_42_003292,2728.43,False,False,False,55,ESCALATE
case_42_003293,4591.79,True,True,True,100,ALLOW
case_42_003294,3595.24,True,True,True,100,ALLOW
case_42_003295,2544.24,True,False,False,75,ALLOW
case_42_003296,11032.32,True,True,True,100,ALLOW
case_42_003297,29749.87,False,False,False,0,ESCALATE
case_42_003298,4814.57,True,True,True,100,ALLOW
case_42_003299,12970.92,True,True,True,95,ALLOW
case_42_003300,3148.47,False,False,False,65,ESCALATE
case_42_003301,1685.88,True,True,True,85,ALLOW
case_42_003302,2601.55,False,False,False,0,BLOCK
case_42_003303,3603.4,True,True,True,100,ALLOW
case_42_003304,11101.64,True,False,False,85,ALLOW
case_42_003305,49015.87,True,True,True,80,ALLOW
case_42_003306,9119.5,True,True,True,100,ALLOW
case_42_003307,8016.63,True,False,False,60,ALLOW
case_42_003308,6203.6,True,True,True,100,ALLOW
case_42_003309,2009.57,True,True,True,100,ALLOW
case_42_003310,700.33,True,False,False,65,ALLOW
case_42_003311,804.17,True,False,False,85,ALLOW
case_42_003312,10554.88,True,True,True,85,ALLOW
case_42_003313,4518.57,True,False,False,60,ALLOW
case_42_003314,7014.78,True,False,False,85,ALLOW
case_42_003315,7185.72,True,True,True,100,ALLOW
case_42_003316,52170.07,False,False,False,20,ESCALATE
case_42_003317,1181.67,True,False,False,75,ALLOW
case_42_003318,3019.99,False,False,True,55,BLOCK
case_42_003319,15473.62,False,False,False,50,BLOCK
case_42_003320,50248.74,False,False,False,25,ESCALATE
case_42_003321,11921.47,True,False,False,85,ALLOW
case_42_003322,6921.94,True,True,True,100,ALLOW
case_42_003323,1000.46,True,True,True,100,ALLOW
case_42_003324,5580.42,False,False,False,50,BLOCK
case_42_003325,1573.87,True,True,True,100,ALLOW
case_42_003326,543.49,True,True,True,100,ALLOW
case_42_003327,2750.5,True,True,True,90,ALLOW
case_42_003328,5960.92,True,True,True,95,ALLOW
case_42_003329,2765.21,True,False,False,100,ALLOW
case_42_003330,42611.34,True,True,True,100,ALLOW
case_42_003331,1423.02,True,True,True,85,ALLOW
case_42_003332,4297.84,False,False,False,45,BLOCK
case_42_003333,4738.79,True,True,True,100,ALLOW
case_42_003334,2664.44,True,False,False,100,ALLOW
case_42_003335,2096.16,True,True,True,65,ALLOW
case_42_003336,1429.41,True,False,False,65,ALLOW
case_42_003337,1003.4,False,False,False,25,BLOCK
case_42_003338,4301.36,False,False,True,70,ESCALATE
case_42_003339,2232.92,True,True,True,65,ALLOW
case_42_003340,9743.77,False,False,False,15,ESCALATE
case_42_003341,7732.64,True,True,True,100,ALLOW
case_42_003342,2003.43,False,False,False,15,BLOCK
case_42_003343,2394.93,True,False,False,90,ALLOW
case_42_003344,30565.35,True,True,True,60,ALLOW
case_42_003345,2043.08,False,False,False,55,BLOCK
case_42_003346,9786.56,True,True,True,100,ALLOW
case_42_003347,12409.33,True,True,True,100,ALLOW
case_42_003348,4108.14,True,True,True,100,ALLOW
case_42_003349,3431.86,True,False,False,85,ALLOW
case_42_003350,13658.73,True,False,False,90,ALLOW
case_42_003351,544.96,True,True,True,75,ALLOW
case_42_003352,32983.2,True,True,True,95,ALLOW
case_42_003353,4654.9,True,True,True,80,ALLOW
case_42_003354,2906.77,True,False,False,85,ALLOW
case_42_003355,3604.84,True,False,False,100,ALLOW
case_42_003356,7656.5,True,False,False,100,ALLOW
case_42_003357,31722.69,True,True,True,100,ALLOW
case_42_003358,3694.48,True,True,True,80,ALLOW
case_42_003359,63117.24,False,False,False,55,ESCALATE
case_42_003360,28532.92,True,True,True,70,ALLOW
case_42_003361,8523.02,True,True,True,90,ALLOW
case_42_003362,4982.12,True,False,False,85,ALLOW
case_42_003363,9711.29,True,True,True,100,ALLOW
case_42_003364,3844.95,True,True,True,100,ALLOW
case_42_003365,4319.06,True,True,True,100,ALLOW
case_42_003366,1954.54,True,True,True,100,ALLOW
case_42_003367,6685.09,False,False,True,65,ESCALATE
case_42_003368,4617.68,True,True,True,100,ALLOW
case_42_003369,6345.33,True,True,True,95,ALLOW
case_42_003370,8681.84,False,False,False,30,BLOCK
case_42_003371,8255.77,True,False,False,100,ALLOW
case_42_003372,2011.98,True,True,True,70,ALLOW
case_42_003373,3374.58,True,False,False,95,ALLOW
case_42_003374,13030.7,True,True,True,95,ALLOW
case_42_003375,3671.85,False,False,True,80,ESCALATE
case_42_003376,3833.74,True,True,True,100,ALLOW
case_42_003377,3066.56,True,True,True,100,ALLOW
case_42_003378,2508.85,True,True,True,90,ALLOW
case_42_003379,6867.19,True,True,True,100,ALLOW
case_42_003380,14450.45,False,False,True,55,BLOCK
case_42_003381,1601.12,True,True,True,70,ALLOW
case_42_003382,39187.18,True,True,True,100,ALLOW
case_42_003383,1903.44,True,False,False,75,ALLOW
case_42_003384,12314.98,True,False,False,80,ALLOW
case_42_003385,12055.96,False,False,False,45,BLOCK
case_42_003386,4810.01,True,True,True,100,ALLOW
case_42_003387,13380.88,True,True,True,100,ALLOW
case_42_003388,5898.26,True,True,True,100,ALLOW
case_42_003389,35540.75,True,True,True,85,ALLOW
case_42_003390,2334.52,True,False,False,100,ALLOW
case_42_003391,9876.33,True,True,True,100,ALLOW
case_42_003392,3728.16,True,False,False,70,ALLOW
case_42_003393,3970.1,True,True,True,85,ALLOW
case_42_003394,3347.98,True,True,True,100,ALLOW
case_42_003395,6912.0,False,False,False,80,ESCALATE
case_42_003396,43953.82,True,True,True,100,ALLOW
case_42_003397,4051.19,False,False,False,45,BLOCK
case_42_003398,3865.32,True,True,True,100,ALLOW
case_42_003399,19592.99,False,False,True,50,BLOCK
case_42_003400,3667.11,True,False,False,70,ALLOW
case_42_003401,6421.35,True,True,True,100,ALLOW
case_42_003402,45655.77,True,True,True,95,ALLOW
case_42_003403,8368.06,True,True,True,100,ALLOW
case_42_003404,2680.65,True,True,True,100,ALLOW
case_42_003405,17776.43,True,False,False,100,ALLOW
case_42_003406,8455.94,True,False,False,60,ALLOW
case_42_003407,13471.91,True,True,True,95,ALLOW
case_42_003408,11249.37,False,False,False,20,ESCALATE
case_42_003409,43843.08,True,False,False,100,ALLOW
case_42_003410,924.57,True,False,False,65,ALLOW
case_42_003411,12047.62,True,True,True,85,ALLOW
case_42_003412,465.09,False,False,True,50,BLOCK
case_42_003413,44897.88,True,True,True,95,ALLOW
case_42_003414,60289.31,False,False,False,45,ESCALATE
case_42_003415,5707.69,True,True,True,100,ALLOW
case_42_003416,2450.37,True,True,True,100,ALLOW
case_42_003417,3326.94,True,True,True,100,ALLOW
case_42_003418,900.16,True,True,True,100,ALLOW
case_42_003419,13424.24,True,True,True,100,ALLOW
case_42_003420,1698.61,False,False,False,15,BLOCK
case_42_003421,2920.93,True,True,True,100,ALLOW
case_42_003422,3777.97,False,False,False,15,BLOCK
case_42_003423,10363.45,True,False,False,80,ALLOW
case_42_003424,13466.3,False,False,False,45,BLOCK
case_42_003425,12494.13,True,True,True,75,ALLOW
case_42_003426,3385.44,True,True,True,80,ALLOW
case_42_003427,9102.41,True,True,True,75,ALLOW
case_42_003428,1480.03,True,True,True,100,ALLOW
case_42_003429,38971.39,True,True,True,95,ALLOW
case_42_003430,3553.57,True,True,True,95,ALLOW
case_42_003431,4283.15,True,True,True,100,ALLOW
case_42_003432,12294.8,True,False,False,70,ALLOW
case_42_003433,682.63,True,True,True,65,ALLOW
case_42_003434,24636.9,True,True,True,80,ALLOW
case_42_003435,4089.81,True,False,False,100,ALLOW
case_42_003436,14193.73,True,False,False,80,ALLOW
case_42_003437,29516.08,True,True,True,95,ALLOW
case_42_003438,4126.55,True,True,True,75,ALLOW
case_42_003439,1718.1,True,True,True,100,ALLOW
case_42_003440,11187.69,True,True,True,100,ALLOW
case_42_003441,1684.67,True,True,True,85,ALLOW
case_42_003442,4496.45,True,False,False,75,ALLOW
case_42_003443,33855.87,True,True,True,100,ALLOW
case_42_003444,3889.23,True,False,False,60,ALLOW
case_42_003445,11464.64,True,False,False,70,ALLOW
case_42_003446,10927.97,True,False,False,100,ALLOW
case_42_003447,11476.92,False,False,False,45,BLOCK
case_42_003448,50032.59,False,False,True,90,ESCALATE
case_42_003449,502.73,False,False,False,0,BLOCK
case_42_003450,3362.29,False,False,False,50,BLOCK
case_42_003451,7498.54,True,False,False,70,ALLOW
case_42_003452,1641.33,True,False,False,85,ALLOW
case_42_003453,5706.98,False,False,False,70,ESCALATE
case_42_003454,13188.47,True,True,True,100,ALLOW
case_42_003455,2927.55,True,True,True,100,ALLOW
case_42_003456,4504.0,True,True,True,100,ALLOW
case_42_003457,1231.73,True,True,True,90,ALLOW
case_42_003458,2559.81,True,True,True,100,ALLOW
case_42_003459,7819.09,False,False,False,60,ESCALATE
case_42_003460,1863.77,True,True,True,85,ALLOW
case_42_003461,6985.43,True,True,True,100,ALLOW
case_42_003462,785.64,True,False,False,70,ALLOW
case_42_003463,3846.53,True,True,True,100,ALLOW
case_42_003464,3660.62,True,True,True,85,ALLOW
case_42_003465,1281.01,True,True,True,75,ALLOW
case_42_003466,11731.6,True,False,False,90,ALLOW
case_42_003467,38782.44,True,True,True,60,ALLOW
case_42_003468,63095.26,False,False,True,55,ESCALATE
case_42_003469,3251.38,True,True,True,100,ALLOW
case_42_003470,10860.55,True,True,True,90,ALLOW
case_42_003471,3377.41,True,True,True,100,ALLOW
case_42_003472,3398.23,True,True,True,85,ALLOW
case_42_003473,13887.1,False,False,True,90,ESCALATE
case_42_003474,2300.64,True,False,False,95,ALLOW
case_42_003475,11841.28,False,False,False,40,BLOCK
case_42_003476,3508.69,True,True,True,95,ALLOW
case_42_003477,6881.1,True,False,False,90,ALLOW
case_42_003478,10709.65,True,True,True,95,ALLOW
case_42_003479,54420.68,False,False,False,50,ESCALATE
case_42_003480,2740.49,False,False,False,50,ESCALATE
case_42_003481,2675.25,True,False,False,95,ALLOW
case_42_003482,6239.72,True,True,True,60,ALLOW
case_42_003483,1898.98,True,False,False,95,ALLOW
case_42_003484,3310.24,True,True,True,90,ALLOW
case_42_003485,12581.55,True,True,True,100,ALLOW
case_42_003486,28611.04,True,True,True,75,ALLOW
case_42_003487,55822.63,False,False,False,60,ESCALATE
case_42_003488,1397.95,True,False,False,80,ALLOW
case_42_003489,2151.02,True,True,True,100,ALLOW
case_42_003490,12968.57,True,True,True,95,ALLOW
case_42_003491,4122.37,True,False,False,80,ALLOW
case_42_003492,616.53,True,False,False,70,ALLOW
case_42_003493,1690.64,True,True,True,100,ALLOW
case_42_003494,5633.44,True,True,True,100,ALLOW
case_42_003495,10011.7,True,True,True,70,ALLOW
case_42_003496,1890.18,True,True,True,90,ALLOW
case_42_003497,9165.15,True,True,True,85,ALLOW
case_42_003498,7587.38,True,True,True,90,ALLOW
case_42_003499,12048.92,True,True,True,80,ALLOW
case_42_003500,9982.19,True,True,True,100,ALLOW
case_42_003501,48221.71,True,True,True,85,ALLOW
case_42_003502,4202.05,True,False,False,95,ALLOW
case_42_003503,12066.33,False,False,True,85,ESCALATE
case_42_003504,2565.67,True,True,True,90,ALLOW
case_42_003505,7768.27,True,False,False,90,ALLOW
case_42_003506,3961.46,True,True,True,100,ALLOW
case_42_003507,2295.31,True,False,False,80,ALLOW
case_42_003508,14072.84,True,False,False,65,ALLOW
case_42_003509,25936.44,True,True,True,100,ALLOW
case_42_003510,1957.21,False,False,False,45,BLOCK
case_42_003511,4223.74,True,True,True,100,ALLOW
case_42_003512,4732.11,True,False,False,70,ALLOW
case_42_003513,15889.18,True,True,True,70,ALLOW
case_42_003514,8396.06,False,False,False,50,BLOCK
case_42_003515,50122.18,False,False,False,60,ESCALATE
case_42_003516,13320.57,False,False,True,75,ESCALATE
case_42_003517,5979.05,True,False,False,65,ALLOW
case_42_003518,60326.38,False,False,False,45,ESCALATE
case_42_003519,47996.77,True,True,True,80,ALLOW
case_42_003520,13403.21,True,False,False,85,ALLOW
case_42_003521,60231.26,False,False,True,80,ESCALATE
case_42_003522,1662.44,True,False,False,85,ALLOW
case_42_003523,10779.3,True,True,True,85,ALLOW
case_42_003524,2729.53,False,False,False,0,BLOCK
case_42_003525,12212.07,True,False,False,65,ALLOW
case_42_003526,5263.24,True,True,True,100,ALLOW
case_42_003527,2073.59,False,False,False,55,BLOCK
case_42_003528,4288.25,True,True,True,100,ALLOW
case_42_003529,9970.46,True,False,False,80,ALLOW
case_42_003530,3682.82,True,True,True,100,ALLOW
case_42_003531,62225.3,False,False,True,100,ESCALATE
case_42_003532,11563.79,False,False,True,45,BLOCK
case_42_003533,1728.64,True,True,True,100,ALLOW
case_42_003534,59386.91,False,False,False,60,ESCALATE
case_42_003535,32542.69,True,False,False,60,ALLOW
case_42_003536,8797.19,True,True,True,100,ALLOW
case_42_003537,14376.1,True,True,True,100,ALLOW
case_42_003538,3737.82,True,False,False,100,ALLOW
case_42_003539,3655.85,False,False,False,55,BLOCK
case_42_003540,3837.62,True,True,True,100,ALLOW
case_42_003541,17001.59,True,True,True,100,ALLOW
case_42_003542,9301.86,True,True,True,95,ALLOW
case_42_003543,7822.47,True,True,True,100,ALLOW
case_42_003544,46712.71,True,True,True,75,ALLOW
case_42_003545,4734.03,True,True,True,100,ALLOW
case_42_003546,26963.9,True,True,True,90,ALLOW
case_42_003547,1251.32,True,True,True,100,ALLOW
case_42_003548,861.93,True,True,True,65,ALLOW
case_42_003549,4566.33,True,False,False,100,ALLOW
case_42_003550,4348.59,True,False,False,95,ALLOW
case_42_003551,4008.49,True,False,False,85,ALLOW
case_42_003552,1561.71,True,True,True,95,ALLOW
case_42_003553,7097.26,True,True,True,95,ALLOW
case_42_003554,39548.11,True,True,True,85,ALLOW
case_42_003555,51483.76,False,False,False,70,ESCALATE
case_42_003556,3000.4,True,False,False,95,ALLOW
case_42_003557,10857.5,True,True,True,85,ALLOW
case_42_003558,13885.94,True,True,True,100,ALLOW
case_42_003559,21281.82,True,True,True,90,ALLOW
case_42_003560,41091.76,True,False,False,90,ALLOW
case_42_003561,9808.65,True,False,False,85,ALLOW
case_42_003562,8081.25,True,False,False,60,ALLOW
case_42_003563,6533.67,True,False,False,85,ALLOW
case_42_003564,8727.11,False,False,False,50,BLOCK
case_42_003565,2366.79,True,False,False,70,ALLOW
case_42_003566,9930.8,True,True,True,100,ALLOW
case_42_003567,5851.55,True,True,True,85,ALLOW
case_42_003568,6289.33,True,False,False,100,ALLOW
case_42_003569,3673.8,True,True,True,100,ALLOW
case_42_003570,15013.13,True,True,True,80,ALLOW
case_42_003571,8312.71,True,True,True,100,ALLOW
case_42_003572,4777.0,True,True,True,75,ALLOW
case_42_003573,60422.93,False,False,False,80,ESCALATE
case_42_003574,13217.37,True,True,True,100,ALLOW
case_42_003575,6109.88,True,True,True,65,ALLOW
case_42_003576,11482.06,True,True,True,100,ALLOW
case_42_003577,844.13,True,False,False,75,ALLOW
case_42_003578,797.25,True,True,True,100,ALLOW
case_42_003579,2146.96,True,True,True,90,ALLOW
case_42_003580,1623.49,False,False,True,55,ESCALATE
case_42_003581,1409.59,True,True,True,100,ALLOW
case_42_003582,7576.11,True,False,False,100,ALLOW
case_42_003583,3879.93,True,True,True,95,ALLOW
case_42_003584,10236.19,True,False,False,65,ALLOW
case_42_003585,319.15,True,True,True,90,ALLOW
case_42_003586,1306.49,True,True,True,100,ALLOW
case_42_003587,9825.27,True,False,False,90,ALLOW
case_42_003588,6503.04,True,True,True,90,ALLOW
case_42_003589,13940.22,True,True,True,100,ALLOW
case_42_003590,41440.7,False,False,False,0,BLOCK
case_42_003591,39995.03,True,True,True,95,ALLOW
case_42_003592,11397.74,True,True,True,80,ALLOW
case_42_003593,601.13,False,False,False,50,BLOCK
case_42_003594,7902.67,True,True,True,90,ALLOW
case_42_003595,5657.97,True,True,True,95,ALLOW
case_42_003596,33630.17,True,False,False,60,ALLOW
case_42_003597,3542.44,True,True,True,95,ALLOW
case_42_003598,11782.05,True,True,True,75,ALLOW
case_42_003599,2617.43,True,False,False,65,ALLOW
case_42_003600,8604.58,True,True,True,100,ALLOW
case_42_003601,27328.88,False,False,False,30,BLOCK
case_42_003602,1994.47,True,True,True,100,ALLOW
case_42_003603,12279.92,False,False,False,5,ESCALATE
case_42_003604,10913.14,True,True,True,95,ALLOW
case_42_003605,4356.54,True,True,True,75,ALLOW
case_42_003606,655.66,True,True,True,65,ALLOW
case_42_003607,12832.14,True,True,True,60,ALLOW
case_42_003608,43546.44,True,True,True,65,ALLOW
case_42_003609,1518.02,False,False,False,30,BLOCK
case_42_003610,9309.12,True,False,False,75,ALLOW
case_42_003611,31553.59,True,False,False,60,ALLOW
case_42_003612,1673.17,False,False,False,40,BLOCK
case_42_003613,55902.76,False,False,True,55,ESCALATE
case_42_003614,2250.17,True,False,False,85,ALLOW
case_42_003615,3622.02,True,True,True,100,ALLOW
case_42_003616,11283.72,True,False,False,75,ALLOW
case_42_003617,15649.48,True,True,True,95,ALLOW
case_42_003618,9010.62,True,True,True,65,ALLOW
case_42_003619,4276.11,False,False,True,95,ESCALATE
case_42_003620,50659.64,False,False,False,40,ESCALATE
case_42_003621,9896.7,True,True,True,100,ALLOW
case_42_003622,3637.56,True,True,True,90,ALLOW
case_42_003623,9571.34,False,False,False,40,BLOCK
case_42_003624,15391.29,True,True,True,100,ALLOW
case_42_003625,4778.06,True,False,False,85,ALLOW
case_42_003626,7115.69,True,True,True,95,ALLOW
case_42_003627,5370.52,True,False,False,85,ALLOW
case_42_003628,12997.39,True,True,True,60,ALLOW
case_42_003629,10620.31,True,True,True,85,ALLOW
case_42_003630,4758.51,False,False,False,40,BLOCK
case_42_003631,31456.04,False,False,False,40,BLOCK
case_42_003632,10828.53,True,True,True,85,ALLOW
case_42_003633,14215.85,True,True,True,85,ALLOW
case_42_003634,2636.0,True,True,True,100,ALLOW
case_42_003635,24647.4,False,False,False,40,BLOCK
case_42_003636,12031.18,True,True,True,90,ALLOW
case_42_003637,3812.77,True,True,True,70,ALLOW
case_42_003638,1755.13,True,True,True,90,ALLOW
case_42_003639,10218.98,True,False,False,60,ALLOW
case_42_003640,10530.24,False,False,False,50,BLOCK
case_42_003641,32141.73,True,False,False,65,ALLOW
case_42_003642,2354.87,True,True,True,75,ALLOW
case_42_003643,2244.09,True,True,True,85,ALLOW
case_42_003644,7767.38,True,True,True,100,ALLOW
case_42_003645,10414.4,True,True,True,100,ALLOW
case_42_003646,30403.08,False,False,False,45,BLOCK
case_42_003647,13135.84,False,False,True,70,ESCALATE
case_42_003648,1187.52,True,False,False,65,ALLOW
case_42_003649,5662.29,True,True,True,95,ALLOW
case_42_003650,2375.63,True,True,True,100,ALLOW
case_42_003651,10031.39,True,False,False,80,ALLOW
case_42_003652,3441.16,True,True,True,100,ALLOW
case_42_003653,3233.76,True,True,True,100,ALLOW
case_42_003654,7510.17,False,False,False,15,BLOCK
case_42_003655,36581.48,True,False,False,100,ALLOW
case_42_003656,9356.58,True,True,True,100,ALLOW
case_42_003657,10560.65,True,False,False,85,ALLOW
case_42_003658,29898.3,False,False,False,0,BLOCK
case_42_003659,35260.71,True,True,True,80,ALLOW
case_42_003660,7622.55,True,True,True,80,ALLOW
case_42_003661,11144.04,False,False,False,50,BLOCK
case_42_003662,11287.55,True,True,True,100,ALLOW
case_42_003663,10186.35,True,False,False,60,ALLOW
case_42_003664,9408.59,True,True,True,95,ALLOW
case_42_003665,27992.74,False,False,False,55,BLOCK
case_42_003666,1546.41,True,False,False,85,ALLOW
case_42_003667,49380.54,False,False,False,65,ESCALATE
case_42_003668,800.01,False,False,False,45,BLOCK
case_42_003669,11948.3,True,True,True,100,ALLOW
case_42_003670,52790.94,False,False,True,100,ESCALATE
case_42_003671,2457.8,False,False,False,40,BLOCK
case_42_003672,4461.91,True,True,True,95,ALLOW
case_42_003673,14572.32,True,True,True,100,ALLOW
case_42_003674,3629.99,True,True,True,100,ALLOW
case_42_003675,41094.22,True,True,True,95,ALLOW
case_42_003676,8373.35,False,False,True,75,ESCALATE
case_42_003677,9456.96,True,True,True,95,ALLOW
case_42_003678,3854.18,True,True,True,100,ALLOW
case_42_003679,6485.35,False,False,False,45,BLOCK
case_42_003680,5817.43,True,True,True,100,ALLOW
case_42_003681,1878.06,True,True,True,100,ALLOW
case_42_003682,24555.64,True,True,True,80,ALLOW
case_42_003683,31165.93,True,False,False,85,ALLOW
case_42_003684,46221.13,True,True,True,100,ALLOW
case_42_003685,11430.79,True,True,True,100,ALLOW
case_42_003686,2116.23,False,False,False,50,BLOCK
case_42_003687,1853.93,True,True,True,90,ALLOW
case_42_003688,2102.8,True,False,False,70,ALLOW
case_42_003689,52083.33,False,False,True,90,ESCALATE
case_42_003690,2036.15,True,True,True,100,ALLOW
case_42_003691,11518.41,True,True,True,60,ALLOW
case_42_003692,4256.72,True,False,False,70,ALLOW
case_42_003693,1592.9,True,True,True,80,ALLOW
case_42_003694,3345.16,True,True,True,95,ALLOW
case_42_003695,3027.04,True,True,True,100,ALLOW
case_42_003696,4192.74,True,False,False,60,ALLOW
case_42_003697,680.12,True,True,True,85,ALLOW
case_42_003698,2135.99,False,False,True,70,ESCALATE
case_42_003699,7032.37,True,True,True,80,ALLOW
case_42_003700,11700.61,True,True,True,70,ALLOW
case_42_003701,51161.24,False,False,True,55,ESCALATE
case_42_003702,3398.01,True,True,True,85,ALLOW
case_42_003703,53937.69,False,False,True,100,ESCALATE
case_42_003704,4535.4,True,True,True,100,ALLOW
case_42_003705,3045.47,True,False,False,65,ALLOW
case_42_003706,13091.95,True,False,False,95,ALLOW
case_42_003707,1653.91,True,False,False,65,ALLOW
case_42_003708,3228.68,True,False,False,85,ALLOW
case_42_003709,2029.36,True,False,False,70,ALLOW
case_42_003710,12820.76,True,True,True,100,ALLOW
case_42_003711,5358.23,True,True,True,75,ALLOW
case_42_003712,10225.52,True,True,True,100,ALLOW
case_42_003713,49283.56,True,False,False,65,ALLOW
case_42_003714,2268.89,False,False,False,70,ESCALATE
case_42_003715,13850.9,True,True,True,65,ALLOW
case_42_003716,2014.6,True,True,True,85,ALLOW
case_42_003717,7381.57,True,True,True,85,ALLOW
case_42_003718,8719.85,True,True,True,90,ALLOW
case_42_003719,10098.9,True,True,True,100,ALLOW
case_42_003720,1492.09,True,True,True,80,ALLOW
case_42_003721,3364.65,True,False,False,100,ALLOW
case_42_003722,2988.55,True,True,True,100,ALLOW
case_42_003723,33321.9,True,True,True,90,ALLOW
case_42_003724,3073.85,True,True,True,90,ALLOW
case_42_003725,6510.04,True,True,True,100,ALLOW
case_42_003726,2441.12,False,False,False,60,BLOCK
case_42_003727,2108.83,False,False,False,55,BLOCK
case_42_003728,1146.66,True,True,True,80,ALLOW
case_42_003729,4252.81,True,True,True,100,ALLOW
case_42_003730,3155.51,True,False,False,90,ALLOW
case_42_003731,3047.59,True,False,False,90,ALLOW
case_42_003732,50765.14,False,False,False,50,ESCALATE
case_42_003733,8018.15,True,True,True,80,ALLOW
case_42_003734,35568.81,True,True,True,95,ALLOW
case_42_003735,10141.71,True,True,True,100,ALLOW
case_42_003736,562.44,True,True,True,80,ALLOW
case_42_003737,1542.14,True,True,True,60,ALLOW
case_42_003738,3915.6,True,True,True,100,ALLOW
case_42_003739,935.17,True,True,True,70,ALLOW
case_42_003740,62674.4,False,False,False,35,ESCALATE
case_42_003741,5885.56,False,False,False,55,BLOCK
case_42_003742,13501.98,True,True,True,100,ALLOW
case_42_003743,38265.56,True,True,True,80,ALLOW
case_42_003744,1609.1,True,True,True,100,ALLOW
case_42_003745,3086.04,True,True,True,85,ALLOW
case_42_003746,332.72,True,True,True,100,ALLOW
case_42_003747,2320.44,False,False,False,50,BLOCK
case_42_003748,2340.81,False,False,False,25,BLOCK
case_42_003749,10287.64,True,True,True,100,ALLOW
case_42_003750,7408.78,True,True,True,100,ALLOW
case_42_003751,55642.7,False,False,True,75,ESCALATE
case_42_003752,4235.27,True,True,True,100,ALLOW
case_42_003753,1321.6,True,True,True,100,ALLOW
case_42_003754,675.28,True,False,False,85,ALLOW
case_42_003755,1083.67,True,False,False,75,ALLOW
case_42_003756,20922.79,False,False,False,40,BLOCK
case_42_003757,3073.99,True,True,True,95,ALLOW
case_42_003758,9778.92,True,False,False,90,ALLOW
case_42_003759,3544.87,True,True,True,100,ALLOW
case_42_003760,16554.13,True,True,True,100,ALLOW
case_42_003761,1626.84,True,True,True,100,ALLOW
case_42_003762,3991.36,True,True,True,80,ALLOW
case_42_003763,3086.29,True,True,True,80,ALLOW
case_42_003764,13336.13,True,True,True,95,ALLOW
case_42_003765,4318.84,False,False,False,0,BLOCK
case_42_003766,4311.1,False,False,False,60,BLOCK
case_42_003767,1563.89,False,False,False,45,BLOCK
case_42_003768,4181.85,True,False,False,100,ALLOW
case_42_003769,9949.7,True,True,True,85,ALLOW
case_42_003770,3785.67,True,True,True,75,ALLOW
case_42_003771,853.37,False,False,False,50,BLOCK
case_42_003772,849.47,True,False,False,95,ALLOW
case_42_003773,1329.71,False,False,False,40,ESCALATE
case_42_003774,4442.54,False,False,False,30,BLOCK
case_42_003775,4437.07,True,True,True,100,ALLOW
case_42_003776,50867.59,False,False,True,100,ESCALATE
case_42_003777,60921.63,False,False,True,100,ESCALATE
case_42_003778,38969.35,True,True,True,65,ALLOW
case_42_003779,6384.63,True,True,True,100,ALLOW
case_42_003780,12391.58,True,True,True,100,ALLOW
case_42_003781,7711.6,True,False,False,95,ALLOW
case_42_003782,35570.17,True,False,False,95,ALLOW
case_42_003783,9577.92,True,False,False,95,ALLOW
case_42_003784,6106.01,True,True,True,100,ALLOW
case_42_003785,4171.37,True,False,False,60,ALLOW
case_42_003786,3404.99,False,False,False,30,ESCALATE
case_42_003787,13101.96,True,True,True,100,ALLOW
case_42_003788,3030.75,True,False,False,75,ALLOW
case_42_003789,665.9,True,False,False,75,ALLOW
case_42_003790,58839.43,False,False,False,35,ESCALATE
case_42_003791,10709.1,True,False,False,75,ALLOW
case_42_003792,979.78,True,False,False,75,ALLOW
case_42_003793,3490.09,True,True,True,100,ALLOW
case_42_003794,59517.34,False,False,True,65,ESCALATE
case_42_003795,7926.81,True,False,False,65,ALLOW
case_42_003796,7484.32,True,True,True,90,ALLOW
case_42_003797,758.9,True,False,False,95,ALLOW
case_42_003798,3815.56,True,True,True,100,ALLOW
case_42_003799,4002.49,True,True,True,100,ALLOW
case_42_003800,11376.37,True,False,False,65,ALLOW
case_42_003801,2460.17,True,True,True,60,ALLOW
case_42_003802,32182.3,False,False,False,50,BLOCK
case_42_003803,6340.89,True,True,True,100,ALLOW
case_42_003804,4065.45,True,True,True,90,ALLOW
case_42_003805,5480.59,True,True,True,85,ALLOW
case_42_003806,9950.15,True,True,True,100,ALLOW
case_42_003807,40185.09,False,False,True,35,BLOCK
case_42_003808,14178.72,False,False,False,10,BLOCK
case_42_003809,1969.94,True,True,True,65,ALLOW
case_42_003810,2149.34,True,False,False,80,ALLOW
case_42_003811,749.41,True,False,False,95,ALLOW
case_42_003812,3646.03,True,True,True,100,ALLOW
case_42_003813,14142.89,True,True,True,95,ALLOW
case_42_003814,4437.94,True,True,True,95,ALLOW
case_42_003815,5010.21,False,False,False,70,ESCALATE
case_42_003816,4309.98,True,True,True,100,ALLOW
case_42_003817,7696.92,False,False,False,15,BLOCK
case_42_003818,1645.26,False,False,False,15,ESCALATE
case_42_003819,22994.06,True,True,True,95,ALLOW
case_42_003820,4926.02,True,False,False,65,ALLOW
case_42_003821,60624.72,False,False,True,60,ESCALATE
case_42_003822,2071.01,True,True,True,100,ALLOW
case_42_003823,5441.88,True,True,True,100,ALLOW
case_42_003824,8248.91,True,True,True,100,ALLOW
case_42_003825,8369.5,True,False,False,90,ALLOW
case_42_003826,3249.17,True,False,False,100,ALLOW
case_42_003827,3304.14,True,True,True,100,ALLOW
case_42_003828,789.82,False,False,False,25,BLOCK
case_42_003829,5068.8,True,False,False,95,ALLOW
case_42_003830,13786.81,True,True,True,100,ALLOW
case_42_003831,13679.49,True,True,True,100,ALLOW
case_42_003832,1687.4,False,False,False,20,ESCALATE
case_42_003833,5034.13,False,False,False,30,ESCALATE
case_42_003834,7448.26,True,False,False,80,ALLOW
case_42_003835,2686.23,True,False,False,65,ALLOW
case_42_003836,2123.3,False,False,False,45,BLOCK
case_42_003837,9872.26,True,False,False,85,ALLOW
case_42_003838,4175.11,True,False,False,85,ALLOW
case_42_003839,5485.95,True,True,True,100,ALLOW
case_42_003840,17329.86,True,True,True,85,ALLOW
case_42_003841,36284.39,True,True,True,80,ALLOW
case_42_003842,9983.82,True,False,False,80,ALLOW
case_42_003843,10100.46,True,False,False,100,ALLOW
case_42_003844,34680.01,True,False,False,90,ALLOW
case_42_003845,22594.7,True,True,True,100,ALLOW
case_42_003846,13847.11,True,True,True,100,ALLOW
case_42_003847,4236.78,False,False,False,45,BLOCK
case_42_003848,59214.33,False,False,False,50,ESCALATE
case_42_003849,7672.43,True,False,False,75,ALLOW
case_42_003850,9302.49,True,False,False,90,ALLOW
case_42_003851,2734.31,False,False,True,75,ESCALATE
case_42_003852,11652.08,True,True,True,80,ALLOW
case_42_003853,802.63,True,True,True,95,ALLOW
case_42_003854,745.99,True,True,True,100,ALLOW
case_42_003855,584.9,True,True,True,100,ALLOW
case_42_003856,12685.96,True,True,True,100,ALLOW
case_42_003857,3033.79,True,True,True,65,ALLOW
case_42_003858,2379.66,True,True,True,100,ALLOW
case_42_003859,40084.3,True,False,False,70,ALLOW
case_42_003860,3504.38,True,True,True,85,ALLOW
case_42_003861,2554.09,True,False,False,90,ALLOW
case_42_003862,4715.09,True,True,True,80,ALLOW
case_42_003863,13834.27,True,False,False,85,ALLOW
case_42_003864,10638.39,True,False,False,75,ALLOW
case_42_003865,38010.46,False,False,False,45,BLOCK
case_42_003866,3654.64,False,False,False,40,BLOCK
case_42_003867,12640.09,True,True,True,100,ALLOW
case_42_003868,3295.74,True,True,True,95,ALLOW
case_42_003869,3790.16,True,True,True,100,ALLOW
case_42_003870,1909.22,False,False,True,90,ESCALATE
case_42_003871,4428.22,False,False,False,45,BLOCK
case_42_003872,5078.02,True,False,False,70,ALLOW
case_42_003873,14469.86,False,False,False,50,BLOCK
case_42_003874,3272.38,True,False,False,60,ALLOW
case_42_003875,46604.23,True,True,True,95,ALLOW
case_42_003876,3226.48,True,True,True,60,ALLOW
case_42_003877,12594.42,True,True,True,65,ALLOW
case_42_003878,4546.78,True,False,False,100,ALLOW
case_42_003879,14255.19,True,False,False,85,ALLOW
case_42_003880,5618.72,False,False,False,55,BLOCK
case_42_003881,6895.4,True,True,True,100,ALLOW
case_42_003882,2811.34,True,True,True,75,ALLOW
case_42_003883,12716.52,True,True,True,85,ALLOW
case_42_003884,4360.39,False,False,False,45,ESCALATE
case_42_003885,8390.45,True,False,False,90,ALLOW
case_42_003886,58273.22,False,False,True,85,ESCALATE
case_42_003887,5332.57,True,True,True,95,ALLOW
case_42_003888,1491.06,True,True,True,100,ALLOW
case_42_003889,1432.09,True,False,False,90,ALLOW
case_42_003890,4626.92,False,False,True,45,ESCALATE
case_42_003891,1954.75,True,True,True,100,ALLOW
case_42_003892,3571.19,True,True,True,85,ALLOW
case_42_003893,41736.59,True,True,True,85,ALLOW
case_42_003894,34440.42,False,False,False,25,BLOCK
case_42_003895,12009.31,True,False,False,60,ALLOW
case_42_003896,64370.89,False,False,True,95,ESCALATE
case_42_003897,12676.06,True,True,True,100,ALLOW
case_42_003898,6676.82,True,True,True,100,ALLOW
case_42_003899,2499.55,False,False,True,55,ESCALATE
case_42_003900,18993.15,True,False,False,90,ALLOW
case_42_003901,43273.28,True,False,False,85,ALLOW
case_42_003902,13608.83,False,False,False,25,ESCALATE
case_42_003903,60141.75,False,False,True,95,ESCALATE
case_42_003904,1592.38,False,False,True,35,BLOCK
case_42_003905,4426.89,True,False,False,70,ALLOW
case_42_003906,13872.5,True,False,False,85,ALLOW
case_42_003907,2403.65,True,True,True,70,ALLOW
case_42_003908,9000.35,True,True,True,100,ALLOW
case_42_003909,53319.26,False,False,False,60,ESCALATE
case_42_003910,1503.09,True,True,True,95,ALLOW
case_42_003911,3420.61,False,False,False,25,BLOCK
case_42_003912,3904.39,True,True,True,100,ALLOW
case_42_003913,12904.13,True,True,True,100,ALLOW
case_42_003914,1462.31,True,True,True,80,ALLOW
case_42_003915,16779.41,True,True,True,100,ALLOW
case_42_003916,2046.55,False,False,False,45,BLOCK
case_42_003917,6849.08,True,False,False,95,ALLOW
case_42_003918,3279.75,True,False,False,100,ALLOW
case_42_003919,3420.04,True,True,True,100,ALLOW
case_42_003920,11388.19,True,True,True,95,ALLOW
case_42_003921,9026.19,False,False,False,55,BLOCK
case_42_003922,19980.89,True,True,True,60,ALLOW
case_42_003923,1552.88,True,True,True,100,ALLOW
case_42_003924,60263.69,False,False,False,80,ESCALATE
case_42_003925,7696.22,True,False,False,80,ALLOW
case_42_003926,14189.32,True,True,True,90,ALLOW
case_42_003927,3393.4,False,False,True,65,ESCALATE
case_42_003928,13648.56,False,False,True,55,BLOCK
case_42_003929,12994.79,True,True,True,80,ALLOW
case_42_003930,4480.05,True,True,True,100,ALLOW
case_42_003931,1609.05,True,True,True,100,ALLOW
case_42_003932,4387.48,False,False,False,0,BLOCK
case_42_003933,4350.32,True,True,True,100,ALLOW
case_42_003934,4781.21,True,True,True,80,ALLOW
case_42_003935,12993.85,True,False,False,80,ALLOW
case_42_003936,5847.57,True,False,False,60,ALLOW
case_42_003937,3839.34,False,False,True,80,ESCALATE
case_42_003938,4719.83,True,True,True,100,ALLOW
case_42_003939,3932.4,True,False,False,85,ALLOW
case_42_003940,360.99,True,True,True,100,ALLOW
case_42_003941,27547.84,True,True,True,100,ALLOW
case_42_003942,2212.82,True,True,True,95,ALLOW
case_42_003943,22807.71,True,True,True,100,ALLOW
case_42_003944,1213.0,True,True,True,85,ALLOW
case_42_003945,13114.72,True,False,False,60,ALLOW
case_42_003946,3233.2,True,True,True,100,ALLOW
case_42_003947,647.17,True,True,True,75,ALLOW
case_42_003948,5201.66,True,True,True,75,ALLOW
case_42_003949,10158.09,True,False,False,80,ALLOW
case_42_003950,56690.06,False,False,False,80,ESCALATE
case_42_003951,3996.05,True,True,True,100,ALLOW
case_42_003952,2152.5,True,False,False,90,ALLOW
case_42_003953,2354.43,True,True,True,100,ALLOW
case_42_003954,4704.36,False,False,False,40,BLOCK
case_42_003955,2239.75,False,False,False,55,BLOCK
case_42_003956,667.62,True,False,False,80,ALLOW
case_42_003957,10875.31,True,False,False,95,ALLOW
case_42_003958,17328.09,False,False,False,45,ESCALATE
case_42_003959,13738.5,True,True,True,80,ALLOW
case_42_003960,10663.8,True,True,True,100,ALLOW
case_42_003961,13833.1,True,True,True,100,ALLOW
case_42_003962,4903.77,False,False,False,70,ESCALATE
case_42_003963,3877.89,True,True,True,80,ALLOW
case_42_003964,3162.25,True,True,True,100,ALLOW
case_42_003965,18256.27,True,True,True,95,ALLOW
case_42_003966,4471.73,False,False,True,55,BLOCK
case_42_003967,1493.57,True,True,True,100,ALLOW
case_42_003968,3218.11,False,False,False,30,BLOCK
case_42_003969,12325.71,True,True,True,100,ALLOW
case_42_003970,1452.12,True,False,False,90,ALLOW
case_42_003971,10955.41,False,False,False,50,BLOCK
case_42_003972,4325.07,True,False,False,75,ALLOW
case_42_003973,3760.48,False,False,False,65,ESCALATE
case_42_003974,7930.22,True,True,True,85,ALLOW
case_42_003975,6205.33,False,False,True,80,ESCALATE
case_42_003976,50314.89,False,False,True,100,ESCALATE
case_42_003977,38973.54,False,False,True,55,BLOCK
case_42_003978,4692.08,True,True,True,70,ALLOW
case_42_003979,50718.09,False,False,True,95,ESCALATE
case_42_003980,7013.96,True,False,False,60,ALLOW
case_42_003981,57494.89,False,False,False,20,ESCALATE
case_42_003982,6983.43,True,True,True,85,ALLOW
case_42_003983,12264.69,True,True,True,100,ALLOW
case_42_003984,699.82,True,False,False,70,ALLOW
case_42_003985,1763.27,False,False,True,75,ESCALATE
case_42_003986,5602.46,True,True,True,65,ALLOW
case_42_003987,1550.79,False,False,False,35,BLOCK
case_42_003988,5808.37,True,True,True,100,ALLOW
case_42_003989,3238.64,True,False,False,90,ALLOW
case_42_003990,11978.26,False,False,False,25,ESCALATE
case_42_003991,1524.5,True,True,True,100,ALLOW
case_42_003992,12474.04,False,False,False,55,BLOCK
case_42_003993,9143.34,True,True,True,100,ALLOW
case_42_003994,1396.48,True,False,False,85,ALLOW
case_42_003995,55757.86,False,False,False,0,ESCALATE
case_42_003996,4059.03,False,False,False,95,ESCALATE
case_42_003997,9024.16,True,True,True,100,ALLOW
case_42_003998,3017.55,True,True,True,100,ALLOW
case_42_003999,9414.16,True,True,True,85,ALLOW
case_42_004000,10250.3,True,False,False,80,ALLOW
case_42_004001,3312.89,True,True,True,100,ALLOW
case_42_004002,2114.71,True,True,True,85,ALLOW
case_42_004003,1964.81,True,False,False,90,ALLOW
case_42_004004,3955.86,True,True,True,100,ALLOW
case_42_004005,8284.47,True,True,True,100,ALLOW
case_42_004006,12070.27,True,True,True,100,ALLOW
case_42_004007,6358.1,True,False,False,90,ALLOW
case_42_004008,8164.55,True,True,True,100,ALLOW
case_42_004009,2992.91,True,True,True,100,ALLOW
case_42_004010,13026.23,False,False,False,40,BLOCK
case_42_004011,2552.4,False,False,False,40,BLOCK
case_42_004012,663.24,True,False,False,60,ALLOW
case_42_004013,31326.01,True,True,True,90,ALLOW
case_42_004014,8664.0,True,True,True,100,ALLOW
case_42_004015,1337.13,True,True,True,100,ALLOW
case_42_004016,11551.28,True,True,True,65,ALLOW
case_42_004017,42771.22,True,True,True,100,ALLOW
case_42_004018,54159.13,False,False,True,100,ESCALATE
case_42_004019,8409.55,True,True,True,80,ALLOW
case_42_004020,4828.88,True,True,True,95,ALLOW
case_42_004021,2124.3,True,False,False,100,ALLOW
case_42_004022,53941.13,False,False,True,85,ESCALATE
case_42_004023,54501.22,False,False,True,85,ESCALATE
case_42_004024,11790.82,True,True,True,100,ALLOW
case_42_004025,4867.37,True,False,False,75,ALLOW
case_42_004026,3718.98,True,False,False,75,ALLOW
case_42_004027,2283.08,True,True,True,100,ALLOW
case_42_004028,4328.61,True,True,True,100,ALLOW
case_42_004029,2575.03,True,True,True,100,ALLOW
case_42_004030,20256.56,False,False,False,20,BLOCK
case_42_004031,39054.75,False,False,False,55,BLOCK
case_42_004032,7643.01,False,False,False,35,BLOCK
case_42_004033,10011.32,True,False,False,60,ALLOW
case_42_004034,12485.49,True,True,True,75,ALLOW
case_42_004035,13547.9,True,True,True,95,ALLOW
case_42_004036,1509.72,False,False,False,50,BLOCK
case_42_004037,12971.03,True,True,True,100,ALLOW
case_42_004038,19381.82,True,False,False,70,ALLOW
case_42_004039,29529.61,True,False,False,65,ALLOW
case_42_004040,9280.46,True,False,False,65,ALLOW
case_42_004041,6483.15,True,True,True,90,ALLOW
case_42_004042,58706.25,False,False,False,65,ESCALATE
case_42_004043,747.58,True,True,True,80,ALLOW
case_42_004044,8072.65,True,True,True,100,ALLOW
case_42_004045,14416.55,False,False,False,50,BLOCK
case_42_004046,4450.06,True,True,True,100,ALLOW
case_42_004047,26778.66,True,True,True,60,ALLOW
case_42_004048,11745.28,True,True,True,90,ALLOW
case_42_004049,7229.95,True,True,True,100,ALLOW
case_42_004050,3464.63,True,True,True,75,ALLOW
case_42_004051,1815.98,True,True,True,100,ALLOW
case_42_004052,735.89,True,True,True,100,ALLOW
case_42_004053,3235.54,True,False,False,100,ALLOW
case_42_004054,25768.96,True,False,False,80,ALLOW
case_42_004055,13128.28,True,True,True,100,ALLOW
case_42_004056,13005.18,True,True,True,100,ALLOW
case_42_004057,40842.93,True,False,False,65,ALLOW
case_42_004058,1296.03,False,False,True,60,ESCALATE
case_42_004059,35232.25,True,True,True,100,ALLOW
case_42_004060,4711.35,True,True,True,65,ALLOW
case_42_004061,3879.34,True,True,True,100,ALLOW
case_42_004062,1932.25,False,False,False,35,ESCALATE
case_42_004063,13857.76,True,True,True,80,ALLOW
case_42_004064,6024.74,True,True,True,70,ALLOW
case_42_004065,40967.05,True,True,True,85,ALLOW
case_42_004066,43755.79,True,True,True,100,ALLOW
case_42_004067,11699.59,False,False,False,50,BLOCK
case_42_004068,29856.85,False,False,True,50,BLOCK
case_42_004069,57047.98,False,False,False,100,ESCALATE
case_42_004070,10835.21,True,True,True,75,ALLOW
case_42_004071,3306.98,True,True,True,100,ALLOW
case_42_004072,3202.4,True,True,True,100,ALLOW
case_42_004073,1665.8,True,True,True,100,ALLOW
case_42_004074,1140.19,True,True,True,100,ALLOW
case_42_004075,1970.24,True,True,True,90,ALLOW
case_42_004076,9442.75,True,False,False,70,ALLOW
case_42_004077,32741.82,True,True,True,100,ALLOW
case_42_004078,2797.52,True,True,True,100,ALLOW
case_42_004079,25425.06,False,False,False,45,BLOCK
case_42_004080,58195.91,False,False,True,100,ESCALATE
case_42_004081,12658.18,False,False,False,35,BLOCK
case_42_004082,2839.89,True,False,False,85,ALLOW
case_42_004083,3021.28,True,True,True,70,ALLOW
case_42_004084,4424.74,True,True,True,100,ALLOW
case_42_004085,12822.86,True,False,False,70,ALLOW
case_42_004086,14130.23,True,False,False,85,ALLOW
case_42_004087,58708.76,False,False,True,90,ESCALATE
case_42_004088,6344.56,True,True,True,100,ALLOW
case_42_004089,4634.8,True,False,False,100,ALLOW
case_42_004090,2124.75,True,True,True,95,ALLOW
case_42_004091,12627.02,True,False,False,95,ALLOW
case_42_004092,1894.0,True,False,False,70,ALLOW
case_42_004093,4624.1,True,True,True,100,ALLOW
case_42_004094,4167.69,True,True,True,100,ALLOW
case_42_004095,17722.8,True,True,True,90,ALLOW
case_42_004096,26446.51,False,False,False,25,BLOCK
case_42_004097,5748.61,True,True,True,100,ALLOW
case_42_004098,2089.52,True,True,True,95,ALLOW
case_42_004099,2114.11,False,False,False,0,BLOCK
case_42_004100,5156.92,True,False,False,65,ALLOW
case_42_004101,4527.05,True,True,True,100,ALLOW
case_42_004102,3238.05,True,True,True,100,ALLOW
case_42_004103,4488.14,True,False,False,100,ALLOW
case_42_004104,2744.87,True,False,False,75,ALLOW
case_42_004105,638.37,True,True,True,85,ALLOW
case_42_004106,2490.07,False,False,False,40,BLOCK
case_42_004107,2519.03,True,True,True,80,ALLOW
case_42_004108,4726.36,True,True,True,100,ALLOW
case_42_004109,3153.91,False,False,False,20,ESCALATE
case_42_004110,2874.78,True,True,True,100,ALLOW
case_42_004111,9720.41,True,False,False,75,ALLOW
case_42_004112,52524.91,False,False,True,95,ESCALATE
case_42_004113,3466.89,False,False,False,90,ESCALATE
case_42_004114,2189.23,True,True,True,100,ALLOW
case_42_004115,4470.01,True,False,False,70,ALLOW
case_42_004116,9952.08,True,True,True,95,ALLOW
case_42_004117,9217.63,False,False,False,50,BLOCK
case_42_004118,31739.69,True,True,True,95,ALLOW
case_42_004119,5095.47,False,False,False,50,ESCALATE
case_42_004120,8852.42,True,True,True,100,ALLOW
case_42_004121,9825.61,True,True,True,100,ALLOW
case_42_004122,10902.7,True,False,False,75,ALLOW
case_42_004123,49395.45,False,False,True,70,ESCALATE
case_42_004124,840.56,False,False,False,30,BLOCK
case_42_004125,9620.39,True,True,True,100,ALLOW
case_42_004126,4532.12,True,True,True,100,ALLOW
case_42_004127,36238.36,True,False,False,65,ALLOW
case_42_004128,8303.82,True,True,True,100,ALLOW
case_42_004129,53832.8,False,False,False,65,ESCALATE
case_42_004130,1613.42,False,False,False,70,ESCALATE
case_42_004131,26704.02,True,True,True,70,ALLOW
case_42_004132,39153.37,False,False,True,50,BLOCK
case_42_004133,12614.26,True,False,False,60,ALLOW
case_42_004134,785.91,True,True,True,100,ALLOW
case_42_004135,2836.9,True,True,True,100,ALLOW
case_42_004136,5325.98,False,False,False,65,ESCALATE
case_42_004137,1897.21,True,True,True,70,ALLOW
case_42_004138,13734.95,True,True,True,85,ALLOW
case_42_004139,2485.57,True,False,False,85,ALLOW
case_42_004140,3223.8,True,False,False,95,ALLOW
case_42_004141,54116.28,False,False,True,100,ESCALATE
case_42_004142,2819.18,True,False,False,90,ALLOW
case_42_004143,2048.94,True,True,True,95,ALLOW
case_42_004144,4408.1,False,False,False,55,BLOCK
case_42_004145,9428.76,True,False,False,65,ALLOW
case_42_004146,6209.91,True,True,True,100,ALLOW
case_42_004147,546.66,True,False,False,80,ALLOW
case_42_004148,9766.46,True,True,True,90,ALLOW
case_42_004149,34772.44,True,True,True,100,ALLOW
case_42_004150,55738.86,False,False,False,90,ESCALATE
case_42_004151,7771.04,True,True,True,70,ALLOW
case_42_004152,2827.69,True,True,True,100,ALLOW
case_42_004153,5441.07,True,True,True,100,ALLOW
case_42_004154,4599.57,True,True,True,100,ALLOW
case_42_004155,1908.26,True,True,True,85,ALLOW
case_42_004156,3617.69,True,True,True,100,ALLOW
case_42_004157,658.34,True,True,True,100,ALLOW
case_42_004158,44324.06,True,True,True,65,ALLOW
case_42_004159,62426.41,False,False,True,75,ESCALATE
case_42_004160,721.56,True,True,True,100,ALLOW
case_42_004161,60094.2,False,False,True,70,ESCALATE
case_42_004162,3227.72,True,True,True,85,ALLOW
case_42_004163,4796.24,True,True,True,100,ALLOW
case_42_004164,6847.68,True,False,False,70,ALLOW
case_42_004165,9529.48,False,False,False,50,BLOCK
case_42_004166,3968.87,True,False,False,95,ALLOW
case_42_004167,11223.29,True,False,False,75,ALLOW
case_42_004168,21957.23,False,False,True,50,BLOCK
case_42_004169,26085.64,True,True,True,85,ALLOW
case_42_004170,1800.09,True,True,True,90,ALLOW
case_42_004171,5766.55,True,False,False,85,ALLOW
case_42_004172,4753.39,False,False,False,55,BLOCK
case_42_004173,4399.57,False,False,True,55,ESCALATE
case_42_004174,27509.38,True,True,True,100,ALLOW
case_42_004175,2047.65,False,False,False,75,ESCALATE
case_42_004176,2540.22,False,False,False,55,ESCALATE
case_42_004177,4197.77,True,True,True,100,ALLOW
case_42_004178,61593.68,False,False,True,80,ESCALATE
case_42_004179,4142.73,True,True,True,100,ALLOW
case_42_004180,1730.44,True,True,True,90,ALLOW
case_42_004181,59995.43,False,False,True,100,ESCALATE
case_42_004182,13018.9,True,True,True,70,ALLOW
case_42_004183,2914.56,True,True,True,100,ALLOW
case_42_004184,4820.2,True,False,False,65,ALLOW
case_42_004185,10244.55,True,True,True,100,ALLOW
case_42_004186,11971.08,True,True,True,80,ALLOW
case_42_004187,35856.7,True,True,True,85,ALLOW
case_42_004188,13135.57,True,False,False,90,ALLOW
case_42_004189,707.61,False,False,False,45,BLOCK
case_42_004190,10544.54,True,True,True,100,ALLOW
case_42_004191,4130.86,True,False,False,100,ALLOW
case_42_004192,4385.49,True,True,True,100,ALLOW
case_42_004193,3092.94,True,False,False,60,ALLOW
case_42_004194,5028.51,True,True,True,100,ALLOW
case_42_004195,6680.05,False,False,False,0,ESCALATE
case_42_004196,2923.99,True,True,True,80,ALLOW
case_42_004197,1721.17,True,True,True,100,ALLOW
case_42_004198,405.55,True,True,True,80,ALLOW
case_42_004199,20016.68,True,True,True,100,ALLOW
case_42_004200,2666.51,True,True,True,90,ALLOW
case_42_004201,2188.11,False,False,False,65,ESCALATE
case_42_004202,7080.1,True,True,True,85,ALLOW
case_42_004203,2090.13,True,True,True,100,ALLOW
case_42_004204,2731.78,False,False,False,0,ESCALATE
case_42_004205,35587.67,True,True,True,65,ALLOW
case_42_004206,9882.12,True,True,True,100,ALLOW
case_42_004207,14201.07,True,True,True,100,ALLOW
case_42_004208,10346.69,True,True,True,90,ALLOW
case_42_004209,1492.67,True,True,True,65,ALLOW
case_42_004210,9899.2,True,True,True,100,ALLOW
case_42_004211,7839.63,True,False,False,85,ALLOW
case_42_004212,10427.08,True,False,False,95,ALLOW
case_42_004213,9035.64,False,False,False,50,BLOCK
case_42_004214,10101.31,True,False,False,90,ALLOW
case_42_004215,4301.05,True,False,False,100,ALLOW
case_42_004216,7258.04,False,False,False,35,BLOCK
case_42_004217,3903.32,True,True,True,100,ALLOW
case_42_004218,1658.26,True,True,True,100,ALLOW
case_42_004219,3853.3,True,True,True,100,ALLOW
case_42_004220,39942.8,True,False,False,70,ALLOW
case_42_004221,4742.9,True,True,True,100,ALLOW
case_42_004222,3813.73,True,True,True,90,ALLOW
case_42_004223,1879.15,True,False,False,80,ALLOW
case_42_004224,35627.68,True,True,True,85,ALLOW
case_42_004225,4054.6,True,True,True,100,ALLOW
case_42_004226,3043.06,True,False,False,70,ALLOW
case_42_004227,779.85,True,True,True,100,ALLOW
case_42_004228,10085.93,True,False,False,65,ALLOW
case_42_004229,4724.61,True,True,True,70,ALLOW
case_42_004230,7867.89,True,True,True,100,ALLOW
case_42_004231,5028.34,True,False,False,80,ALLOW
case_42_004232,11037.12,True,True,True,100,ALLOW
case_42_004233,2842.7,True,True,True,85,ALLOW
case_42_004234,21566.16,True,True,True,70,ALLOW
case_42_004235,1834.42,True,False,False,65,ALLOW
case_42_004236,3499.09,False,False,False,30,BLOCK
case_42_004237,3978.23,True,False,False,80,ALLOW
case_42_004238,3484.22,True,False,False,100,ALLOW
case_42_004239,311.74,True,False,False,70,ALLOW
case_42_004240,47588.51,True,True,True,100,ALLOW
case_42_004241,8772.79,True,True,True,65,ALLOW
case_42_004242,3040.53,False,False,False,50,BLOCK
case_42_004243,14062.72,True,False,False,70,ALLOW
case_42_004244,2999.42,True,False,False,95,ALLOW
case_42_004245,11353.96,True,True,True,70,ALLOW
case_42_004246,11649.74,False,False,False,45,BLOCK
case_42_004247,34972.74,True,True,True,100,ALLOW
case_42_004248,31990.63,True,True,True,90,ALLOW
case_42_004249,10106.04,True,True,True,90,ALLOW
case_42_004250,4384.35,True,False,False,90,ALLOW
case_42_004251,3980.78,True,True,True,95,ALLOW
case_42_004252,3480.49,True,True,True,85,ALLOW
case_42_004253,4678.92,False,False,False,40,BLOCK
case_42_004254,6174.01,False,False,False,50,BLOCK
case_42_004255,4340.58,True,True,True,100,ALLOW
case_42_004256,2238.22,True,False,False,65,ALLOW
case_42_004257,2546.52,True,False,False,100,ALLOW
case_42_004258,12883.22,False,False,False,80,ESCALATE
case_42_004259,13948.15,True,True,True,100,ALLOW
case_42_004260,51445.68,False,False,True,100,ESCALATE
case_42_004261,1845.32,True,True,True,100,ALLOW
case_42_004262,24310.9,True,True,True,95,ALLOW
case_42_004263,7056.19,True,True,True,80,ALLOW
case_42_004264,12870.91,True,False,False,85,ALLOW
case_42_004265,4699.96,False,False,False,45,BLOCK
case_42_004266,2552.75,True,True,True,100,ALLOW
case_42_004267,1488.04,True,True,True,75,ALLOW
case_42_004268,11505.51,True,True,True,100,ALLOW
case_42_004269,6582.51,True,False,False,65,ALLOW
case_42_004270,3572.29,True,False,False,90,ALLOW
case_42_004271,33480.43,True,True,True,95,ALLOW
case_42_004272,7871.2,False,False,True,85,ESCALATE
case_42_004273,12419.67,True,False,False,80,ALLOW
case_42_004274,4434.37,True,True,True,100,ALLOW
case_42_004275,3671.15,True,True,True,100,ALLOW
case_42_004276,762.08,True,False,False,85,ALLOW
case_42_004277,748.35,False,False,False,85,ESCALATE
case_42_004278,1234.32,False,False,True,50,ESCALATE
case_42_004279,6675.03,True,True,True,100,ALLOW
case_42_004280,10886.74,True,True,True,100,ALLOW
case_42_004281,3586.0,True,True,True,90,ALLOW
case_42_004282,64526.44,False,False,True,95,ESCALATE
case_42_004283,3737.3,True,False,False,75,ALLOW
case_42_004284,7652.52,True,True,True,90,ALLOW
case_42_004285,13233.51,False,False,False,55,BLOCK
case_42_004286,3499.93,True,True,True,100,ALLOW
case_42_004287,7848.3,True,False,False,80,ALLOW
case_42_004288,3332.08,True,True,True,100,ALLOW
case_42_004289,11663.0,False,False,False,10,BLOCK
case_42_004290,1208.8,True,True,True,100,ALLOW
case_42_004291,34751.94,False,False,True,45,BLOCK
case_42_004292,3322.45,False,False,False,50,BLOCK
case_42_004293,2914.54,True,True,True,85,ALLOW
case_42_004294,3520.98,True,True,True,100,ALLOW
case_42_004295,891.75,True,True,True,90,ALLOW
case_42_004296,10237.02,True,True,True,90,ALLOW
case_42_004297,1028.1,True,False,False,100,ALLOW
case_42_004298,6802.68,False,False,False,65,ESCALATE
case_42_004299,611.02,True,True,True,100,ALLOW
case_42_004300,4567.86,True,False,False,100,ALLOW
case_42_004301,19274.99,True,False,False,95,ALLOW
case_42_004302,3568.27,True,False,False,100,ALLOW
case_42_004303,56686.23,False,False,True,100,ESCALATE
case_42_004304,3367.35,True,False,False,60,ALLOW
case_42_004305,47184.03,False,False,True,45,BLOCK
case_42_004306,7256.08,False,False,False,50,BLOCK
case_42_004307,47565.85,True,True,True,95,ALLOW
case_42_004308,13579.36,True,True,True,100,ALLOW
case_42_004309,1390.39,True,True,True,100,ALLOW
case_42_004310,4424.94,True,False,False,70,ALLOW
case_42_004311,11992.21,True,False,False,85,ALLOW
case_42_004312,3088.97,True,True,True,100,ALLOW
case_42_004313,3312.19,True,False,False,60,ALLOW
case_42_004314,3374.27,True,True,True,65,ALLOW
case_42_004315,3305.75,False,False,False,40,BLOCK
case_42_004316,36921.82,False,False,False,0,ESCALATE
case_42_004317,459.31,False,False,False,70,ESCALATE
case_42_004318,3569.11,True,True,True,100,ALLOW
case_42_004319,19841.93,True,True,True,100,ALLOW
case_42_004320,4716.96,True,True,True,80,ALLOW
case_42_004321,17321.37,True,True,True,100,ALLOW
case_42_004322,1034.97,True,True,True,85,ALLOW
case_42_004323,464.98,True,True,True,85,ALLOW
case_42_004324,9987.85,True,True,True,80,ALLOW
case_42_004325,4079.79,True,True,True,100,ALLOW
case_42_004326,885.41,False,False,False,45,BLOCK
case_42_004327,696.74,True,False,False,80,ALLOW
case_42_004328,12028.15,True,True,True,100,ALLOW
case_42_004329,13607.32,True,False,False,85,ALLOW
case_42_004330,3562.09,True,True,True,90,ALLOW
case_42_004331,4156.53,False,False,False,0,BLOCK
case_42_004332,10053.9,True,True,True,100,ALLOW
case_42_004333,3798.39,True,False,False,60,ALLOW
case_42_004334,3745.88,True,True,True,100,ALLOW
case_42_004335,4221.51,True,False,False,75,ALLOW
case_42_004336,33745.2,True,False,False,70,ALLOW
case_42_004337,8212.52,True,True,True,95,ALLOW
case_42_004338,3484.62,True,True,True,90,ALLOW
case_42_004339,9629.57,True,False,False,95,ALLOW
case_42_004340,10984.67,True,True,True,70,ALLOW
case_42_004341,8216.51,True,False,False,80,ALLOW
case_42_004342,4622.87,True,False,False,65,ALLOW
case_42_004343,3819.39,True,True,True,95,ALLOW
case_42_004344,60271.85,False,False,True,80,ESCALATE
case_42_004345,62213.0,False,False,True,95,ESCALATE
case_42_004346,3248.41,True,True,True,95,ALLOW
case_42_004347,20457.01,True,True,True,80,ALLOW
case_42_004348,3205.16,True,False,False,95,ALLOW
case_42_004349,515.8,False,False,False,45,BLOCK
case_42_004350,5334.93,False,False,False,40,ESCALATE
case_42_004351,6333.43,True,True,True,70,ALLOW
case_42_004352,829.43,True,True,True,80,ALLOW
case_42_004353,4581.13,True,True,True,85,ALLOW
case_42_004354,2452.07,True,True,True,90,ALLOW
case_42_004355,4087.99,False,False,True,60,ESCALATE
case_42_004356,12202.15,True,False,False,100,ALLOW
case_42_004357,6273.91,True,True,True,100,ALLOW
case_42_004358,8235.57,True,False,False,100,ALLOW
case_42_004359,1420.85,True,True,True,95,ALLOW
case_42_004360,7857.85,True,True,True,90,ALLOW
case_42_004361,3828.35,True,True,True,100,ALLOW
case_42_004362,33302.9,False,False,False,55,BLOCK
case_42_004363,3223.6,True,True,True,100,ALLOW
case_42_004364,12007.92,True,True,True,75,ALLOW
case_42_004365,62913.2,False,False,True,85,ESCALATE
case_42_004366,4419.72,True,False,False,60,ALLOW
case_42_004367,7198.64,True,True,True,95,ALLOW
case_42_004368,2875.92,True,True,True,100,ALLOW
case_42_004369,10060.27,False,False,True,65,ESCALATE
case_42_004370,13098.08,True,True,True,100,ALLOW
case_42_004371,8680.74,True,True,True,85,ALLOW
case_42_004372,10884.69,True,False,False,80,ALLOW
case_42_004373,42352.37,True,True,True,90,ALLOW
case_42_004374,18448.57,False,False,False,55,BLOCK
case_42_004375,2857.26,True,True,True,100,ALLOW
case_42_004376,4436.61,True,False,False,65,ALLOW
case_42_004377,3691.08,False,False,True,90,ESCALATE
case_42_004378,13393.43,True,True,True,100,ALLOW
case_42_004379,7303.98,True,False,False,100,ALLOW
case_42_004380,12139.49,True,True,True,65,ALLOW
case_42_004381,4998.61,False,False,False,50,BLOCK
case_42_004382,7177.57,True,False,False,60,ALLOW
case_42_004383,3447.53,True,False,False,80,ALLOW
case_42_004384,11179.54,True,False,False,85,ALLOW
case_42_004385,9241.06,True,True,True,100,ALLOW
case_42_004386,3002.3,True,True,True,70,ALLOW
case_42_004387,903.3,True,True,True,100,ALLOW
case_42_004388,11663.86,True,True,True,95,ALLOW
case_42_004389,3823.69,True,True,True,100,ALLOW
case_42_004390,22067.7,True,True,True,100,ALLOW
case_42_004391,5812.01,True,False,False,90,ALLOW
case_42_004392,14068.31,True,True,True,80,ALLOW
case_42_004393,2730.78,False,False,False,25,ESCALATE
case_42_004394,52359.67,False,False,True,65,ESCALATE
case_42_004395,53778.13,False,False,False,85,ESCALATE
case_42_004396,6508.06,True,False,False,65,ALLOW
case_42_004397,7367.93,True,True,True,100,ALLOW
case_42_004398,7745.53,True,False,False,95,ALLOW
case_42_004399,7658.29,False,False,False,85,ESCALATE
case_42_004400,6900.09,True,True,True,85,ALLOW
case_42_004401,10898.74,True,True,True,100,ALLOW
case_42_004402,43909.78,False,False,False,40,BLOCK
case_42_004403,4089.46,True,True,True,100,ALLOW
case_42_004404,64805.51,False,False,False,80,ESCALATE
case_42_004405,1835.03,True,False,False,85,ALLOW
case_42_004406,62072.01,False,False,True,70,ESCALATE
case_42_004407,7056.7,True,True,True,80,ALLOW
case_42_004408,25824.7,False,False,False,60,ESCALATE
case_42_004409,10917.7,False,False,False,50,BLOCK
case_42_004410,5299.04,True,False,False,90,ALLOW
case_42_004411,6184.88,True,True,True,85,ALLOW
case_42_004412,18999.54,True,False,False,65,ALLOW
case_42_004413,25117.1,False,False,False,35,BLOCK
case_42_004414,19057.28,True,True,True,100,ALLOW
case_42_004415,4765.12,True,True,True,100,ALLOW
case_42_004416,11791.09,True,True,True,85,ALLOW
case_42_004417,12873.08,True,True,True,100,ALLOW
case_42_004418,10333.48,True,True,True,90,ALLOW
case_42_004419,12481.66,True,False,False,95,ALLOW
case_42_004420,4675.89,False,False,False,55,BLOCK
case_42_004421,3990.49,True,True,True,100,ALLOW
case_42_004422,14823.86,False,False,False,55,BLOCK
case_42_004423,3375.28,True,False,False,100,ALLOW
case_42_004424,2006.74,False,False,True,90,ESCALATE
case_42_004425,1825.76,True,False,False,95,ALLOW
case_42_004426,20351.27,True,True,True,70,ALLOW
case_42_004427,45347.66,True,True,True,60,ALLOW
case_42_004428,3918.42,False,False,False,30,ESCALATE
case_42_004429,39167.01,True,False,False,60,ALLOW
case_42_004430,2061.75,True,True,True,100,ALLOW
case_42_004431,58858.83,False,False,False,80,ESCALATE
case_42_004432,8868.48,True,True,True,85,ALLOW
case_42_004433,6183.52,True,True,True,100,ALLOW
case_42_004434,42548.11,True,True,True,80,ALLOW
case_42_004435,38770.29,False,False,True,55,BLOCK
case_42_004436,11269.8,True,True,True,100,ALLOW
case_42_004437,8266.52,True,True,True,95,ALLOW
case_42_004438,1737.39,True,True,True,60,ALLOW
case_42_004439,1542.67,True,True,True,85,ALLOW
case_42_004440,10150.74,True,True,True,100,ALLOW
case_42_004441,5701.49,False,False,True,65,ESCALATE
case_42_004442,4401.37,True,True,True,100,ALLOW
case_42_004443,25550.51,False,False,False,25,BLOCK
case_42_004444,3345.44,False,False,False,55,ESCALATE
case_42_004445,56183.11,False,False,True,100,ESCALATE
case_42_004446,1959.05,True,True,True,65,ALLOW
case_42_004447,2792.73,True,False,False,100,ALLOW
case_42_004448,5579.17,True,False,False,100,ALLOW
case_42_004449,5014.25,True,True,True,100,ALLOW
case_42_004450,7569.24,False,False,False,55,BLOCK
case_42_004451,2372.56,False,False,True,50,BLOCK
case_42_004452,1907.8,True,False,False,65,ALLOW
case_42_004453,1674.68,True,True,True,100,ALLOW
case_42_004454,4481.3,True,True,True,75,ALLOW
case_42_004455,2507.89,True,False,False,90,ALLOW
case_42_004456,15819.61,True,True,True,100,ALLOW
case_42_004457,1660.65,True,True,True,85,ALLOW
case_42_004458,9523.16,False,False,False,40,BLOCK
case_42_004459,8823.72,True,True,True,100,ALLOW
case_42_004460,5474.36,True,True,True,100,ALLOW
case_42_004461,3970.01,False,False,False,40,BLOCK
case_42_004462,11652.07,True,True,True,60,ALLOW
case_42_004463,878.64,False,False,False,20,BLOCK
case_42_004464,3737.81,True,False,False,80,ALLOW
case_42_004465,34885.15,False,False,False,0,BLOCK
case_42_004466,4782.06,True,False,False,60,ALLOW
case_42_004467,2923.04,False,False,False,35,BLOCK
case_42_004468,2114.43,True,True,True,100,ALLOW
case_42_004469,611.35,True,True,True,100,ALLOW
case_42_004470,54691.14,False,False,True,60,ESCALATE
case_42_004471,1339.77,False,False,True,60,ESCALATE
case_42_004472,2488.28,True,True,True,100,ALLOW
case_42_004473,14140.99,False,False,False,55,BLOCK
case_42_004474,2624.19,True,True,True,75,ALLOW
case_42_004475,1808.05,True,True,True,100,ALLOW
case_42_004476,7245.55,False,False,False,55,BLOCK
case_42_004477,4476.48,True,True,True,100,ALLOW
case_42_004478,4858.33,True,True,True,100,ALLOW
case_42_004479,5669.32,True,True,True,100,ALLOW
case_42_004480,11667.41,True,True,True,100,ALLOW
case_42_004481,577.65,True,False,False,70,ALLOW
case_42_004482,7368.41,True,True,True,100,ALLOW
case_42_004483,43461.42,True,True,True,70,ALLOW
case_42_004484,13335.21,True,True,True,100,ALLOW
case_42_004485,4374.63,True,True,True,100,ALLOW
case_42_004486,31479.58,True,True,True,65,ALLOW
case_42_004487,13077.46,True,True,True,90,ALLOW
case_42_004488,59418.72,False,False,True,100,ESCALATE
case_42_004489,2579.98,True,False,False,100,ALLOW
case_42_004490,7625.23,False,False,False,15,BLOCK
case_42_004491,3238.12,True,True,True,100,ALLOW
case_42_004492,1589.36,True,True,True,100,ALLOW
case_42_004493,4099.07,True,True,True,80,ALLOW
case_42_004494,4053.04,True,True,True,90,ALLOW
case_42_004495,51198.88,False,False,False,70,ESCALATE
case_42_004496,5318.8,True,True,True,95,ALLOW
case_42_004497,26818.5,True,True,True,100,ALLOW
case_42_004498,1764.74,True,False,False,65,ALLOW
case_42_004499,2120.7,True,False,False,70,ALLOW
case_42_004500,11386.66,True,True,True,100,ALLOW
case_42_004501,2985.84,False,False,False,45,BLOCK
case_42_004502,2293.86,True,True,True,80,ALLOW
case_42_004503,3314.5,True,False,False,75,ALLOW
case_42_004504,7995.46,True,False,False,90,ALLOW
case_42_004505,4049.42,True,True,True,90,ALLOW
case_42_004506,5866.72,True,True,True,100,ALLOW
case_42_004507,24012.07,True,True,True,70,ALLOW
case_42_004508,3920.14,True,True,True,100,ALLOW
case_42_004509,12862.45,True,False,False,80,ALLOW
case_42_004510,49664.87,False,False,False,45,BLOCK
case_42_004511,11665.74,False,False,False,45,BLOCK
case_42_004512,8080.17,True,True,True,80,ALLOW
case_42_004513,3800.94,True,True,True,100,ALLOW
case_42_004514,10463.56,True,False,False,70,ALLOW
case_42_004515,1740.39,True,True,True,75,ALLOW
case_42_004516,22455.34,True,True,True,90,ALLOW
case_42_004517,5350.25,True,False,False,95,ALLOW
case_42_004518,26451.31,False,False,False,30,BLOCK
case_42_004519,4406.55,True,True,True,100,ALLOW
case_42_004520,57041.01,False,False,False,0,ESCALATE
case_42_004521,4375.72,True,True,True,100,ALLOW
case_42_004522,4610.5,True,False,False,95,ALLOW
case_42_004523,8953.57,False,False,False,40,BLOCK
case_42_004524,3359.41,False,False,False,45,BLOCK
case_42_004525,5030.5,True,True,True,70,ALLOW
case_42_004526,9174.5,True,True,True,90,ALLOW
case_42_004527,1769.98,True,True,True,100,ALLOW
case_42_004528,1817.14,True,False,False,85,ALLOW
case_42_004529,11729.99,False,False,False,15,BLOCK
case_42_004530,2308.08,True,True,True,100,ALLOW
case_42_004531,2481.44,True,False,False,100,ALLOW
case_42_004532,3776.23,True,True,True,90,ALLOW
case_42_004533,13903.99,True,False,False,65,ALLOW
case_42_004534,2888.12,True,True,True,90,ALLOW
case_42_004535,2037.13,True,True,True,100,ALLOW
case_42_004536,29805.54,False,False,True,55,ESCALATE
case_42_004537,8372.42,True,True,True,85,ALLOW
case_42_004538,32292.49,False,False,False,40,BLOCK
case_42_004539,13055.3,True,False,False,100,ALLOW
case_42_004540,42629.37,True,True,True,70,ALLOW
case_42_004541,1352.87,False,False,False,20,BLOCK
case_42_004542,2003.87,True,True,True,95,ALLOW
case_42_004543,50887.33,False,False,True,95,ESCALATE
case_42_004544,821.49,True,True,True,90,ALLOW
case_42_004545,9528.7,True,True,True,100,ALLOW
case_42_004546,3342.87,True,False,False,70,ALLOW
case_42_004547,3796.26,True,False,False,85,ALLOW
case_42_004548,5826.89,False,False,False,55,BLOCK
case_42_004549,3170.07,True,True,True,100,ALLOW
case_42_004550,3125.43,True,False,False,80,ALLOW
case_42_004551,4398.03,True,True,True,90,ALLOW
case_42_004552,36193.54,True,True,True,85,ALLOW
case_42_004553,9124.81,True,False,False,85,ALLOW
case_42_004554,7240.31,True,True,True,75,ALLOW
case_42_004555,11465.19,False,False,False,30,ESCALATE
case_42_004556,3568.75,True,True,True,100,ALLOW
case_42_004557,9536.4,True,False,False,100,ALLOW
case_42_004558,33408.71,True,True,True,90,ALLOW
case_42_004559,13398.34,True,True,True,100,ALLOW
case_42_004560,4344.41,True,True,True,100,ALLOW
case_42_004561,8769.0,True,True,True,95,ALLOW
case_42_004562,1947.63,True,True,True,70,ALLOW
case_42_004563,63904.86,False,False,True,75,ESCALATE
case_42_004564,4692.24,True,True,True,100,ALLOW
case_42_004565,6390.72,True,False,False,60,ALLOW
case_42_004566,4215.5,True,False,False,75,ALLOW
case_42_004567,10211.66,True,True,True,85,ALLOW
case_42_004568,33727.36,True,True,True,80,ALLOW
case_42_004569,3460.76,True,True,True,70,ALLOW
case_42_004570,3192.16,True,False,False,70,ALLOW
case_42_004571,4639.88,True,False,False,80,ALLOW
case_42_004572,62038.05,False,False,True,90,ESCALATE
case_42_004573,8621.94,True,False,False,70,ALLOW
case_42_004574,47864.15,True,False,False,65,ALLOW
case_42_004575,1519.61,True,True,True,100,ALLOW
case_42_004576,1849.78,True,True,True,90,ALLOW
case_42_004577,3179.57,True,True,True,100,ALLOW
case_42_004578,26623.73,True,True,True,70,ALLOW
case_42_004579,3458.76,True,True,True,90,ALLOW
case_42_004580,3035.03,True,True,True,100,ALLOW
case_42_004581,13810.52,True,False,False,60,ALLOW
case_42_004582,4332.81,True,True,True,95,ALLOW
case_42_004583,13292.41,False,False,False,55,BLOCK
case_42_004584,32907.17,True,True,True,95,ALLOW
case_42_004585,9288.0,True,True,True,80,ALLOW
case_42_004586,3073.1,True,False,False,60,ALLOW
case_42_004587,6142.43,True,False,False,75,ALLOW
case_42_004588,9664.93,True,True,True,95,ALLOW
case_42_004589,3177.29,True,True,True,100,ALLOW
case_42_004590,5162.2,False,False,False,40,ESCALATE
case_42_004591,13029.21,True,True,True,100,ALLOW
case_42_004592,23720.52,False,False,False,35,BLOCK
case_42_004593,2551.0,True,False,False,80,ALLOW
case_42_004594,6016.82,True,False,False,80,ALLOW
case_42_004595,2529.18,True,False,False,65,ALLOW
case_42_004596,3092.5,True,True,True,100,ALLOW
case_42_004597,25927.0,True,False,False,80,ALLOW
case_42_004598,425.99,True,True,True,70,ALLOW
case_42_004599,5281.14,True,True,True,100,ALLOW
case_42_004600,8589.46,True,True,True,90,ALLOW
case_42_004601,5540.82,False,False,False,55,ESCALATE
case_42_004602,41017.87,True,True,True,100,ALLOW
case_42_004603,17794.62,True,False,False,90,ALLOW
case_42_004604,11081.8,False,False,True,50,BLOCK
case_42_004605,8823.6,False,False,False,50,ESCALATE
case_42_004606,348.46,True,False,False,75,ALLOW
case_42_004607,4767.12,False,False,False,55,BLOCK
case_42_004608,40060.74,False,False,False,45,BLOCK
case_42_004609,2732.75,True,True,True,100,ALLOW
case_42_004610,1337.15,False,False,False,35,ESCALATE
case_42_004611,1539.68,True,True,True,90,ALLOW
case_42_004612,4619.86,True,False,False,75,ALLOW
case_42_004613,4563.79,True,True,True,100,ALLOW
case_42_004614,1731.26,False,False,False,50,ESCALATE
case_42_004615,3099.71,True,True,True,100,ALLOW
case_42_004616,13802.19,True,True,True,100,ALLOW
case_42_004617,3304.06,True,True,True,80,ALLOW
case_42_004618,2109.4,False,False,False,40,BLOCK
case_42_004619,1090.58,False,False,True,85,ESCALATE
case_42_004620,6407.39,True,True,True,100,ALLOW
case_42_004621,3148.44,False,False,True,80,ESCALATE
case_42_004622,2835.39,True,True,True,80,ALLOW
case_42_004623,10879.17,True,True,True,90,ALLOW
case_42_004624,864.97,True,True,True,85,ALLOW
case_42_004625,3421.94,True,False,False,95,ALLOW
case_42_004626,8443.84,True,True,True,85,ALLOW
case_42_004627,1372.04,False,False,False,50,BLOCK
case_42_004628,7990.25,True,True,True,100,ALLOW
case_42_004629,22327.47,True,True,True,85,ALLOW
case_42_004630,3707.72,True,True,True,100,ALLOW
case_42_004631,42154.35,True,False,False,70,ALLOW
case_42_004632,10132.54,False,False,False,45,BLOCK
case_42_004633,18783.81,False,False,False,45,ESCALATE
case_42_004634,3016.28,True,True,True,75,ALLOW
case_42_004635,11447.87,True,False,False,90,ALLOW
case_42_004636,13054.48,True,True,True,100,ALLOW
case_42_004637,27345.91,True,False,False,65,ALLOW
case_42_004638,9630.79,True,True,True,100,ALLOW
case_42_004639,57356.69,False,False,True,90,ESCALATE
case_42_004640,2620.97,True,True,True,80,ALLOW
case_42_004641,1869.24,True,False,False,100,ALLOW
case_42_004642,10841.46,True,False,False,80,ALLOW
case_42_004643,3105.69,True,False,False,100,ALLOW
case_42_004644,705.11,True,True,True,80,ALLOW
case_42_004645,61079.7,False,False,True,70,ESCALATE
case_42_004646,20669.5,True,True,True,90,ALLOW
case_42_004647,4174.24,False,False,True,95,ESCALATE
case_42_004648,4394.0,True,True,True,90,ALLOW
case_42_004649,63411.26,False,False,True,45,ESCALATE
case_42_004650,4522.18,True,True,True,100,ALLOW
case_42_004651,1018.77,True,False,False,100,ALLOW
case_42_004652,2699.15,True,True,True,65,ALLOW
case_42_004653,4698.78,True,True,True,100,ALLOW
case_42_004654,9144.52,True,True,True,100,ALLOW
case_42_004655,7048.05,False,False,False,45,BLOCK
case_42_004656,4088.83,False,False,False,45,BLOCK
case_42_004657,13791.45,True,True,True,90,ALLOW
case_42_004658,713.66,False,False,False,45,BLOCK
case_42_004659,403.11,True,True,True,85,ALLOW
case_42_004660,8624.77,True,True,True,95,ALLOW
case_42_004661,1483.1,True,True,True,100,ALLOW
case_42_004662,44026.68,True,True,True,75,ALLOW
case_42_004663,10234.61,False,False,False,65,ESCALATE
case_42_004664,2684.73,True,False,False,75,ALLOW
case_42_004665,59470.59,False,False,False,30,ESCALATE
case_42_004666,9214.36,True,False,False,100,ALLOW
case_42_004667,9461.66,True,True,True,90,ALLOW
case_42_004668,2832.21,True,True,True,100,ALLOW
case_42_004669,16989.72,True,True,True,75,ALLOW
case_42_004670,11536.26,True,True,True,65,ALLOW
case_42_004671,1153.19,True,False,False,100,ALLOW
case_42_004672,8674.56,True,True,True,100,ALLOW
case_42_004673,1692.88,False,False,False,20,BLOCK
case_42_004674,2169.98,True,True,True,100,ALLOW
case_42_004675,339.09,True,False,False,95,ALLOW
case_42_004676,4436.48,True,True,True,90,ALLOW
case_42_004677,43000.71,True,True,True,100,ALLOW
case_42_004678,1508.74,True,False,False,95,ALLOW
case_42_004679,3062.44,True,True,True,100,ALLOW
case_42_004680,60273.93,False,False,True,60,ESCALATE
case_42_004681,16888.22,True,True,True,100,ALLOW
case_42_004682,12766.82,True,True,True,100,ALLOW
case_42_004683,26735.04,False,False,False,0,BLOCK
case_42_004684,18227.93,False,False,True,80,ESCALATE
case_42_004685,10472.67,False,False,True,65,ESCALATE
case_42_004686,18139.54,True,False,False,80,ALLOW
case_42_004687,42891.94,True,True,True,60,ALLOW
case_42_004688,3864.17,True,True,True,90,ALLOW
case_42_004689,7905.82,False,False,False,30,ESCALATE
case_42_004690,13320.73,True,True,True,70,ALLOW
case_42_004691,11202.94,True,True,True,95,ALLOW
case_42_004692,6409.07,True,False,False,65,ALLOW
case_42_004693,14250.13,True,True,True,80,ALLOW
case_42_004694,3194.4,False,False,True,55,ESCALATE
case_42_004695,39585.3,True,True,True,75,ALLOW
case_42_004696,12017.74,False,False,False,55,BLOCK
case_42_004697,9362.29,True,True,True,90,ALLOW
case_42_004698,34603.39,False,False,True,55,ESCALATE
case_42_004699,8368.26,True,True,True,95,ALLOW
case_42_004700,10891.48,True,True,True,85,ALLOW
case_42_004701,11291.67,True,True,True,85,ALLOW
case_42_004702,11540.87,True,True,True,100,ALLOW
case_42_004703,5258.31,True,True,True,85,ALLOW
case_42_004704,2071.09,True,True,True,100,ALLOW
case_42_004705,12592.08,True,True,True,95,ALLOW
case_42_004706,1899.59,True,True,True,100,ALLOW
case_42_004707,11604.8,False,False,False,60,ESCALATE
case_42_004708,4699.63,True,True,True,90,ALLOW
case_42_004709,17230.29,True,True,True,90,ALLOW
case_42_004710,13690.84,True,True,True,100,ALLOW
case_42_004711,11902.72,True,False,False,85,ALLOW
case_42_004712,3797.44,True,False,False,85,ALLOW
case_42_004713,3322.53,True,False,False,70,ALLOW
case_42_004714,10511.51,True,True,True,100,ALLOW
case_42_004715,15011.74,False,False,True,55,BLOCK
case_42_004716,1622.93,True,True,True,90,ALLOW
case_42_004717,4493.14,True,True,True,100,ALLOW
case_42_004718,3994.02,False,False,False,40,BLOCK
case_42_004719,4127.3,True,True,True,100,ALLOW
case_42_004720,8758.62,True,True,True,100,ALLOW
case_42_004721,6098.32,True,False,False,75,ALLOW
case_42_004722,14055.51,True,True,True,80,ALLOW
case_42_004723,4170.99,False,False,False,55,ESCALATE
case_42_004724,3668.33,True,False,False,100,ALLOW
case_42_004725,1339.03,True,True,True,100,ALLOW
case_42_004726,2303.83,True,True,True,100,ALLOW
case_42_004727,4456.84,True,True,True,100,ALLOW
case_42_004728,4298.89,True,True,True,100,ALLOW
case_42_004729,1950.99,True,True,True,70,ALLOW
case_42_004730,12871.89,True,True,True,95,ALLOW
case_42_004731,6142.61,False,False,False,40,BLOCK
case_42_004732,49909.17,True,True,True,85,ALLOW
case_42_004733,12391.84,True,True,True,100,ALLOW
case_42_004734,3519.96,False,False,False,50,BLOCK
case_42_004735,9062.43,True,False,False,95,ALLOW
case_42_004736,12878.23,True,True,True,100,ALLOW
case_42_004737,443.93,True,True,True,95,ALLOW
case_42_004738,9490.75,True,True,True,85,ALLOW
case_42_004739,4105.87,True,True,True,80,ALLOW
case_42_004740,50398.44,False,False,False,40,ESCALATE
case_42_004741,2313.92,False,False,True,45,BLOCK
case_42_004742,793.7,True,False,False,100,ALLOW
case_42_004743,19127.67,True,True,True,100,ALLOW
case_42_004744,33135.75,True,False,False,80,ALLOW
case_42_004745,35840.34,True,True,True,95,ALLOW
case_42_004746,59292.36,False,False,True,100,ESCALATE
case_42_004747,10513.02,True,True,True,100,ALLOW
case_42_004748,1827.59,True,True,True,100,ALLOW
case_42_004749,11594.96,True,False,False,65,ALLOW
case_42_004750,11437.64,True,False,False,70,ALLOW
case_42_004751,4705.32,True,True,True,95,ALLOW
case_42_004752,50712.78,False,False,False,65,ESCALATE
case_42_004753,10004.88,True,True,True,80,ALLOW
case_42_004754,19291.55,True,True,True,90,ALLOW
case_42_004755,5158.69,False,False,False,35,BLOCK
case_42_004756,43464.96,True,True,True,70,ALLOW
case_42_004757,7702.16,True,False,False,100,ALLOW
case_42_004758,1990.08,False,False,False,0,BLOCK
case_42_004759,4171.37,False,False,False,45,BLOCK
case_42_004760,38893.92,False,False,True,55,BLOCK
case_42_004761,2033.7,True,True,True,90,ALLOW
case_42_004762,1526.62,True,True,True,100,ALLOW
case_42_004763,7693.03,True,False,False,100,ALLOW
case_42_004764,3639.63,True,True,True,80,ALLOW
case_42_004765,2408.18,True,True,True,85,ALLOW
case_42_004766,27110.48,False,False,False,50,BLOCK
case_42_004767,43735.08,True,True,True,65,ALLOW
case_42_004768,14238.19,True,True,True,100,ALLOW
case_42_004769,4696.77,False,False,False,50,ESCALATE
case_42_004770,16498.9,True,False,False,70,ALLOW
case_42_004771,7597.67,True,False,False,90,ALLOW
case_42_004772,2781.1,True,True,True,75,ALLOW
case_42_004773,691.03,True,True,True,90,ALLOW
case_42_004774,4198.58,True,True,True,75,ALLOW
case_42_004775,6598.2,True,True,True,95,ALLOW
case_42_004776,12366.6,True,False,False,60,ALLOW
case_42_004777,596.26,True,False,False,90,ALLOW
case_42_004778,4182.01,False,False,False,30,ESCALATE
case_42_004779,2575.97,False,False,False,15,BLOCK
case_42_004780,8009.25,True,True,True,70,ALLOW
case_42_004781,11091.23,True,True,True,95,ALLOW
case_42_004782,3496.43,True,False,False,90,ALLOW
case_42_004783,7620.51,True,True,True,85,ALLOW
case_42_004784,10517.47,True,True,True,100,ALLOW
case_42_004785,975.43,True,True,True,100,ALLOW
case_42_004786,1539.3,True,True,True,100,ALLOW
case_42_004787,7011.33,False,False,False,90,ESCALATE
case_42_004788,950.2,True,True,True,90,ALLOW
case_42_004789,4679.95,False,False,False,40,BLOCK
case_42_004790,7084.43,True,True,True,85,ALLOW
case_42_004791,13343.66,True,True,True,100,ALLOW
case_42_004792,2745.39,True,True,True,95,ALLOW
case_42_004793,1186.37,True,True,True,100,ALLOW
case_42_004794,3538.25,True,True,True,100,ALLOW
case_42_004795,6873.04,True,True,True,100,ALLOW
case_42_004796,2235.92,True,True,True,100,ALLOW
case_42_004797,14169.36,True,True,True,100,ALLOW
case_42_004798,2714.46,True,True,True,90,ALLOW
case_42_004799,1778.7,True,True,True,100,ALLOW
case_42_004800,45649.66,False,False,False,20,BLOCK
case_42_004801,6113.82,True,False,False,65,ALLOW
case_42_004802,7137.97,True,True,True,60,ALLOW
case_42_004803,14356.01,False,False,False,15,BLOCK
case_42_004804,7573.16,True,False,False,70,ALLOW
case_42_004805,6592.77,True,True,True,75,ALLOW
case_42_004806,936.24,True,True,True,85,ALLOW
case_42_004807,2370.96,True,True,True,65,ALLOW
case_42_004808,12633.01,True,False,False,60,ALLOW
case_42_004809,9226.38,True,True,True,100,ALLOW
case_42_004810,3053.39,True,False,False,70,ALLOW
case_42_004811,60892.69,False,False,True,100,ESCALATE
case_42_004812,872.26,True,False,False,60,ALLOW
case_42_004813,9296.06,True,True,True,90,ALLOW
case_42_004814,9270.58,True,False,False,70,ALLOW
case_42_004815,37577.06,True,True,True,100,ALLOW
case_42_004816,4479.62,True,True,True,100,ALLOW
case_42_004817,3254.43,True,True,True,100,ALLOW
case_42_004818,2178.43,True,True,True,65,ALLOW
case_42_004819,8367.8,True,False,False,80,ALLOW
case_42_004820,28132.9,True,True,True,80,ALLOW
case_42_004821,8383.35,True,False,False,75,ALLOW
case_42_004822,14490.53,True,False,False,90,ALLOW
case_42_004823,4375.2,False,False,True,75,ESCALATE
case_42_004824,2600.96,True,True,True,95,ALLOW
case_42_004825,41267.34,True,False,False,65,ALLOW
case_42_004826,985.83,True,True,True,65,ALLOW
case_42_004827,41771.92,True,True,True,75,ALLOW
case_42_004828,753.2,True,True,True,75,ALLOW
case_42_004829,3997.9,True,True,True,85,ALLOW
case_42_004830,1484.28,False,False,False,0,BLOCK
case_42_004831,3848.74,True,True,True,100,ALLOW
case_42_004832,13959.69,True,False,False,60,ALLOW
case_42_004833,8578.18,True,True,True,100,ALLOW
case_42_004834,26982.2,False,False,False,25,BLOCK
case_42_004835,53549.02,False,False,False,50,ESCALATE
case_42_004836,2128.54,True,True,True,100,ALLOW
case_42_004837,12464.4,True,False,False,75,ALLOW
case_42_004838,4357.82,True,True,True,95,ALLOW
case_42_004839,1567.08,True,True,True,85,ALLOW
case_42_004840,14142.36,True,True,True,90,ALLOW
case_42_004841,6750.65,True,True,True,75,ALLOW
case_42_004842,9689.33,True,True,True,100,ALLOW
case_42_004843,1680.23,True,False,False,60,ALLOW
case_42_004844,3736.44,True,True,True,100,ALLOW
case_42_004845,45707.08,True,True,True,100,ALLOW
case_42_004846,2445.03,True,True,True,95,ALLOW
case_42_004847,4341.95,True,True,True,95,ALLOW
case_42_004848,650.68,True,True,True,70,ALLOW
case_42_004849,600.03,True,False,False,75,ALLOW
case_42_004850,1764.41,True,False,False,70,ALLOW
case_42_004851,4533.52,True,True,True,100,ALLOW
case_42_004852,2652.19,True,True,True,100,ALLOW
case_42_004853,1851.68,True,True,True,90,ALLOW
case_42_004854,4264.83,True,True,True,75,ALLOW
case_42_004855,13003.78,True,False,False,75,ALLOW
case_42_004856,4476.23,True,True,True,70,ALLOW
case_42_004857,330.85,True,True,True,90,ALLOW
case_42_004858,2609.6,True,False,False,90,ALLOW
case_42_004859,3662.26,True,True,True,65,ALLOW
case_42_004860,13077.87,True,True,True,100,ALLOW
case_42_004861,9166.17,False,False,False,80,ESCALATE
case_42_004862,3065.59,True,False,False,85,ALLOW
case_42_004863,7571.68,True,True,True,70,ALLOW
case_42_004864,9404.14,True,False,False,65,ALLOW
case_42_004865,13514.71,False,False,True,55,BLOCK
case_42_004866,1920.0,False,False,False,35,BLOCK
case_42_004867,1767.17,True,True,True,100,ALLOW
case_42_004868,4107.0,True,False,False,70,ALLOW
case_42_004869,7066.05,True,True,True,100,ALLOW
case_42_004870,13626.28,False,False,False,55,BLOCK
case_42_004871,3867.42,True,True,True,100,ALLOW
case_42_004872,40029.88,True,True,True,80,ALLOW
case_42_004873,28062.4,False,False,False,50,BLOCK
case_42_004874,10767.52,False,False,False,0,BLOCK
case_42_004875,508.91,True,False,False,65,ALLOW
case_42_004876,1822.13,True,False,False,100,ALLOW
case_42_004877,4692.81,True,True,True,80,ALLOW
case_42_004878,1737.43,True,False,False,75,ALLOW
case_42_004879,12027.4,False,False,False,15,BLOCK
case_42_004880,1103.75,True,True,True,80,ALLOW
case_42_004881,2028.1,True,True,True,100,ALLOW
case_42_004882,3464.42,False,False,False,20,ESCALATE
case_42_004883,1585.76,True,True,True,100,ALLOW
case_42_004884,7136.68,True,True,True,95,ALLOW
case_42_004885,8860.73,False,False,False,0,ESCALATE
case_42_004886,8805.47,True,True,True,70,ALLOW
case_42_004887,9282.12,True,False,False,90,ALLOW
case_42_004888,3722.37,True,False,False,75,ALLOW
case_42_004889,6723.82,False,False,False,45,BLOCK
case_42_004890,613.19,True,False,False,70,ALLOW
case_42_004891,3061.38,True,True,True,100,ALLOW
case_42_004892,46778.53,False,False,False,20,BLOCK
case_42_004893,7367.75,True,True,True,100,ALLOW
case_42_004894,756.39,False,False,False,30,BLOCK
case_42_004895,10367.67,True,True,True,100,ALLOW
case_42_004896,50473.85,False,False,True,100,ESCALATE
case_42_004897,14113.59,False,False,False,0,BLOCK
case_42_004898,7379.05,True,False,False,90,ALLOW
case_42_004899,1670.45,True,True,True,100,ALLOW
case_42_004900,10623.48,True,False,False,60,ALLOW
case_42_004901,12069.67,True,True,True,80,ALLOW
case_42_004902,11499.9,True,True,True,100,ALLOW
case_42_004903,41454.37,False,False,False,15,BLOCK
case_42_004904,1259.51,True,True,True,95,ALLOW
case_42_004905,5508.94,True,True,True,100,ALLOW
case_42_004906,816.88,True,False,False,95,ALLOW
case_42_004907,7285.51,True,True,True,100,ALLOW
case_42_004908,2727.23,True,True,True,90,ALLOW
case_42_004909,9004.21,True,True,True,60,ALLOW
case_42_004910,44513.81,True,False,False,80,ALLOW
case_42_004911,1126.88,True,True,True,90,ALLOW
case_42_004912,10927.3,True,True,True,70,ALLOW
case_42_004913,14155.8,True,True,True,100,ALLOW
case_42_004914,2249.48,True,True,True,100,ALLOW
case_42_004915,2370.99,True,True,True,100,ALLOW
case_42_004916,4785.0,True,True,True,65,ALLOW
case_42_004917,2390.07,False,False,False,55,BLOCK
case_42_004918,6936.33,True,False,False,90,ALLOW
case_42_004919,8179.69,True,True,True,85,ALLOW
case_42_004920,8792.25,False,False,True,25,ESCALATE
case_42_004921,6921.44,True,False,False,90,ALLOW
case_42_004922,5506.54,True,True,True,70,ALLOW
case_42_004923,6678.26,True,True,True,75,ALLOW
case_42_004924,2431.21,True,True,True,70,ALLOW
case_42_004925,43055.75,False,False,False,30,BLOCK
case_42_004926,4282.57,True,False,False,80,ALLOW
case_42_004927,12135.83,True,True,True,60,ALLOW
case_42_004928,2676.74,True,True,True,75,ALLOW
case_42_004929,9203.02,True,True,True,100,ALLOW
case_42_004930,9524.74,True,False,False,65,ALLOW
case_42_004931,8533.97,True,True,True,60,ALLOW
case_42_004932,8434.82,False,False,False,80,ESCALATE
case_42_004933,1670.66,True,True,True,70,ALLOW
case_42_004934,16847.81,True,True,True,100,ALLOW
case_42_004935,9138.89,True,True,True,90,ALLOW
case_42_004936,8230.36,True,False,False,95,ALLOW
case_42_004937,4620.44,False,False,False,55,ESCALATE
case_42_004938,11009.45,True,True,True,100,ALLOW
case_42_004939,3477.72,True,True,True,100,ALLOW
case_42_004940,6810.13,True,True,True,100,ALLOW
case_42_004941,4045.55,True,True,True,100,ALLOW
case_42_004942,9312.74,True,False,False,100,ALLOW
case_42_004943,2518.81,True,True,True,100,ALLOW
case_42_004944,4397.94,True,True,True,95,ALLOW
case_42_004945,56851.58,False,False,False,70,ESCALATE
case_42_004946,2027.92,True,True,True,85,ALLOW
case_42_004947,14003.98,True,True,True,100,ALLOW
case_42_004948,6661.56,True,True,True,95,ALLOW
case_42_004949,645.21,True,False,False,65,ALLOW
case_42_004950,1346.67,True,True,True,100,ALLOW
case_42_004951,5543.59,True,True,True,100,ALLOW
case_42_004952,9648.19,True,True,True,100,ALLOW
case_42_004953,8337.4,True,True,True,85,ALLOW
case_42_004954,689.92,True,False,False,80,ALLOW
case_42_004955,3383.75,True,False,False,95,ALLOW
case_42_004956,2996.91,True,False,False,85,ALLOW
case_42_004957,4442.22,True,True,True,100,ALLOW
case_42_004958,2868.18,True,False,False,100,ALLOW
case_42_004959,41300.16,False,False,False,50,BLOCK
case_42_004960,3908.39,True,True,True,100,ALLOW
case_42_004961,4532.75,False,False,False,15,BLOCK
case_42_004962,4189.96,True,True,True,100,ALLOW
case_42_004963,2810.89,False,False,True,70,ESCALATE
case_42_004964,9023.09,True,True,True,85,ALLOW
case_42_004965,12008.11,False,False,False,55,BLOCK
case_42_004966,2194.63,True,True,True,90,ALLOW
case_42_004967,31814.1,True,True,True,100,ALLOW
case_42_004968,6357.4,True,True,True,100,ALLOW
case_42_004969,2842.95,True,False,False,100,ALLOW
case_42_004970,40333.1,False,False,True,45,BLOCK
case_42_004971,8627.48,True,True,True,100,ALLOW
case_42_004972,6634.1,False,False,False,5,BLOCK
case_42_004973,38245.96,False,False,False,20,BLOCK
case_42_004974,14067.55,True,False,False,90,ALLOW
case_42_004975,3329.85,True,True,True,100,ALLOW
case_42_004976,3164.39,True,False,False,85,ALLOW
case_42_004977,34931.05,True,False,False,65,ALLOW
case_42_004978,10876.4,True,True,True,65,ALLOW
case_42_004979,8332.26,True,False,False,95,ALLOW
case_42_004980,53015.13,False,False,False,35,ESCALATE
case_42_004981,25707.73,True,True,True,85,ALLOW
case_42_004982,4303.61,True,True,True,80,ALLOW
case_42_004983,3794.56,False,False,True,50,ESCALATE
case_42_004984,26347.12,True,False,False,65,ALLOW
case_42_004985,13615.47,True,False,False,65,ALLOW
case_42_004986,54961.02,False,False,False,95,ESCALATE
case_42_004987,4079.83,True,True,True,95,ALLOW
case_42_004988,3711.47,True,False,False,65,ALLOW
case_42_004989,51801.0,False,False,True,65,ESCALATE
case_42_004990,11925.29,True,False,False,70,ALLOW
case_42_004991,1784.51,True,True,True,100,ALLOW
case_42_004992,3322.98,True,False,False,100,ALLOW
case_42_004993,6253.59,True,True,True,100,ALLOW
case_42_004994,3530.72,True,True,True,95,ALLOW
case_42_004995,7206.85,True,True,True,100,ALLOW
case_42_004996,12516.99,True,True,True,95,ALLOW
case_42_004997,6612.98,True,True,True,100,ALLOW
case_42_004998,10066.17,False,False,False,75,ESCALATE
case_42_004999,63212.07,False,False,False,45,ESCALATE
case_42_005000,4437.05,True,True,True,70,ALLOW
